{"v":"5.6.6","fr":29.9700012207031,"ip":0,"op":50.0000020365418,"w":1000,"h":600,"nm":"undraw_junior_soccer_6sop","ddd":0,"assets":[],"layers":[{"ddd":0,"ind":1,"ty":4,"nm":"ball pattern 1","parent":8,"sr":1,"ks":{"o":{"a":0,"k":100,"ix":11},"r":{"a":0,"k":0,"ix":10},"p":{"a":0,"k":[155.487,-135.855,0],"ix":2},"a":{"a":0,"k":[0,0,0],"ix":1},"s":{"a":0,"k":[100,100,100],"ix":6}},"ao":0,"shapes":[{"ty":"gr","it":[{"ind":0,"ty":"sh","ix":1,"ks":{"a":0,"k":{"i":[[0,0],[0,0],[0,0],[0,0],[0,0],[1.015,-10.56]],"o":[[0,0],[0,0],[0,0],[0,0],[-7.715,7.281],[0,0]],"v":[[-197.41,134.822],[-179.564,134.822],[-170.642,119.371],[-179.564,103.911],[-185.741,103.911],[-199.282,131.585]],"c":true},"ix":2},"nm":"パス 1","mn":"ADBE Vector Shape - Group","hd":false},{"ind":1,"ty":"sh","ix":2,"ks":{"a":0,"k":{"i":[[0,0],[0,0],[0,0],[0,0],[-8.338,7.739],[0,0],[0,0],[0,0]],"o":[[0,0],[0,0],[0,0],[0.987,-11.333],[0,0],[0,0],[0,0],[0,0]],"v":[[-178.41,136.822],[-198.564,136.822],[-201.307,132.08],[-201.307,131.812],[-186.818,102.179],[-186.53,101.911],[-178.409,101.911],[-168.332,119.371]],"c":true},"ix":2},"nm":"パス 2","mn":"ADBE Vector Shape - Group","hd":false},{"ty":"fl","c":{"a":0,"k":[1,1,1,1],"ix":4},"o":{"a":0,"k":100,"ix":5},"r":1,"bm":0,"nm":"塗り 1","mn":"ADBE Vector Graphic - Fill","hd":false},{"ty":"tr","p":{"a":0,"k":[0,0],"ix":2},"a":{"a":0,"k":[0,0],"ix":1},"s":{"a":0,"k":[100,100],"ix":3},"r":{"a":0,"k":0,"ix":6},"o":{"a":0,"k":100,"ix":7},"sk":{"a":0,"k":0,"ix":4},"sa":{"a":0,"k":0,"ix":5},"nm":"トランスフォーム"}],"nm":"ball pattern 1","np":3,"cix":2,"bm":0,"ix":1,"mn":"ADBE Vector Group","hd":false}],"ip":0,"op":50.0000020365418,"st":0,"bm":0},{"ddd":0,"ind":2,"ty":4,"nm":"ball pattern 2","parent":8,"sr":1,"ks":{"o":{"a":0,"k":100,"ix":11},"r":{"a":0,"k":0,"ix":10},"p":{"a":0,"k":[155.487,-135.855,0],"ix":2},"a":{"a":0,"k":[0,0,0],"ix":1},"s":{"a":0,"k":[100,100,100],"ix":6}},"ao":0,"shapes":[{"ty":"gr","it":[{"ind":0,"ty":"sh","ix":1,"ks":{"a":0,"k":{"i":[[0,0],[-10.002,-6.365],[0,0],[0,0],[0,0]],"o":[[2.454,11.598],[0,0],[0,0],[0,0],[0,0]],"v":[[-198.561,144.903],[-179.086,172.989],[-170.642,158.371],[-179.565,142.911],[-197.41,142.911]],"c":true},"ix":2},"nm":"パス 1","mn":"ADBE Vector Shape - Group","hd":false},{"ind":1,"ty":"sh","ix":2,"ks":{"a":0,"k":{"i":[[0,0],[0,0],[2.562,12.644],[0,0],[0,0],[0,0],[0,0]],"o":[[0,0],[-11.041,-6.673],[0,0],[0,0],[0,0],[0,0],[0,0]],"v":[[-178.381,175.765],[-179.254,175.238],[-200.597,144.928],[-200.671,144.558],[-198.564,140.911],[-178.409,140.911],[-168.332,158.371]],"c":true},"ix":2},"nm":"パス 2","mn":"ADBE Vector Shape - Group","hd":false},{"ty":"fl","c":{"a":0,"k":[1,1,1,1],"ix":4},"o":{"a":0,"k":100,"ix":5},"r":1,"bm":0,"nm":"塗り 1","mn":"ADBE Vector Graphic - Fill","hd":false},{"ty":"tr","p":{"a":0,"k":[0,0],"ix":2},"a":{"a":0,"k":[0,0],"ix":1},"s":{"a":0,"k":[100,100],"ix":3},"r":{"a":0,"k":0,"ix":6},"o":{"a":0,"k":100,"ix":7},"sk":{"a":0,"k":0,"ix":4},"sa":{"a":0,"k":0,"ix":5},"nm":"トランスフォーム"}],"nm":"ball pattern 2","np":3,"cix":2,"bm":0,"ix":1,"mn":"ADBE Vector Group","hd":false}],"ip":1.00000004073083,"op":51.0000020772726,"st":1.00000004073083,"bm":0},{"ddd":0,"ind":3,"ty":4,"nm":"ball pattern 3","parent":8,"sr":1,"ks":{"o":{"a":0,"k":100,"ix":11},"r":{"a":0,"k":0,"ix":10},"p":{"a":0,"k":[155.487,-135.855,0],"ix":2},"a":{"a":0,"k":[0,0,0],"ix":1},"s":{"a":0,"k":[100,100,100],"ix":6}},"ao":0,"shapes":[{"ty":"gr","it":[{"ind":0,"ty":"sh","ix":1,"ks":{"a":0,"k":{"i":[[0,0],[0,0],[-2.127,11.825],[0,0],[0,0]],"o":[[0,0],[10.007,-6.649],[0,0],[0,0],[0,0]],"v":[[-139.332,158.371],[-131.157,172.52],[-112.163,143.601],[-112.563,142.911],[-130.409,142.911]],"c":true},"ix":2},"nm":"パス 1","mn":"ADBE Vector Shape - Group","hd":false},{"ind":1,"ty":"sh","ix":2,"ks":{"a":0,"k":{"i":[[0,0],[0,0],[0,0],[0,0],[0,0],[0,0],[11.051,-6.974]],"o":[[0,0],[0,0],[0,0],[0,0],[0,0],[-2.209,12.879],[0,0]],"v":[[-131.842,175.333],[-141.642,158.371],[-131.565,140.911],[-111.411,140.911],[-110.117,143.142],[-110.131,143.589],[-130.962,174.778]],"c":true},"ix":2},"nm":"パス 2","mn":"ADBE Vector Shape - Group","hd":false},{"ty":"fl","c":{"a":0,"k":[1,1,1,1],"ix":4},"o":{"a":0,"k":100,"ix":5},"r":1,"bm":0,"nm":"塗り 1","mn":"ADBE Vector Graphic - Fill","hd":false},{"ty":"tr","p":{"a":0,"k":[0,0],"ix":2},"a":{"a":0,"k":[0,0],"ix":1},"s":{"a":0,"k":[100,100],"ix":3},"r":{"a":0,"k":0,"ix":6},"o":{"a":0,"k":100,"ix":7},"sk":{"a":0,"k":0,"ix":4},"sa":{"a":0,"k":0,"ix":5},"nm":"トランスフォーム"}],"nm":"ball pattern 3","np":3,"cix":2,"bm":0,"ix":1,"mn":"ADBE Vector Group","hd":false}],"ip":0,"op":50.0000020365418,"st":0,"bm":0},{"ddd":0,"ind":4,"ty":4,"nm":"ball pattern 4","parent":8,"sr":1,"ks":{"o":{"a":0,"k":100,"ix":11},"r":{"a":0,"k":0,"ix":10},"p":{"a":0,"k":[155.487,-135.855,0],"ix":2},"a":{"a":0,"k":[0,0,0],"ix":1},"s":{"a":0,"k":[100,100,100],"ix":6}},"ao":0,"shapes":[{"ty":"gr","it":[{"ind":0,"ty":"sh","ix":1,"ks":{"a":0,"k":{"i":[[0,0],[0,0],[0,0],[7.371,7.907],[0,0],[0,0]],"o":[[0,0],[0,0],[-0.193,-10.808],[0,0],[0,0],[0,0]],"v":[[-130.41,136.822],[-112.564,136.822],[-111.501,134.981],[-123.25,105.911],[-130.409,105.911],[-139.332,121.371]],"c":true},"ix":2},"nm":"パス 1","mn":"ADBE Vector Shape - Group","hd":false},{"ind":1,"ty":"sh","ix":2,"ks":{"a":0,"k":{"i":[[0,0],[0,0],[0,0],[0,0],[0,0],[0,0],[-0.137,-11.551],[0,0]],"o":[[0,0],[0,0],[0,0],[0,0],[0,0],[7.959,8.373],[0,0],[0,0]],"v":[[-111.41,138.822],[-131.564,138.822],[-141.642,121.371],[-131.564,103.911],[-122.387,103.911],[-122.091,104.223],[-109.497,135.219],[-109.497,135.509]],"c":true},"ix":2},"nm":"パス 2","mn":"ADBE Vector Shape - Group","hd":false},{"ty":"fl","c":{"a":0,"k":[1,1,1,1],"ix":4},"o":{"a":0,"k":100,"ix":5},"r":1,"bm":0,"nm":"塗り 1","mn":"ADBE Vector Graphic - Fill","hd":false},{"ty":"tr","p":{"a":0,"k":[0,0],"ix":2},"a":{"a":0,"k":[0,0],"ix":1},"s":{"a":0,"k":[100,100],"ix":3},"r":{"a":0,"k":0,"ix":6},"o":{"a":0,"k":100,"ix":7},"sk":{"a":0,"k":0,"ix":4},"sa":{"a":0,"k":0,"ix":5},"nm":"トランスフォーム"}],"nm":"ball pattern 4","np":3,"cix":2,"bm":0,"ix":1,"mn":"ADBE Vector Group","hd":false}],"ip":0,"op":50.0000020365418,"st":0,"bm":0},{"ddd":0,"ind":5,"ty":4,"nm":"ball pattern 5","parent":8,"sr":1,"ks":{"o":{"a":0,"k":100,"ix":11},"r":{"a":0,"k":0,"ix":10},"p":{"a":0,"k":[155.487,-135.855,0],"ix":2},"a":{"a":0,"k":[0,0,0],"ix":1},"s":{"a":0,"k":[100,100,100],"ix":6}},"ao":0,"shapes":[{"ty":"gr","it":[{"ind":0,"ty":"sh","ix":1,"ks":{"a":0,"k":{"i":[[0,0],[-10.925,4.906],[0,0],[0,0]],"o":[[11.11,4.47],[0,0],[0,0],[0,0]],"v":[[-171.924,176.668],[-137.439,175.987],[-145.564,161.911],[-163.409,161.911]],"c":true},"ix":2},"nm":"パス 1","mn":"ADBE Vector Shape - Group","hd":false},{"ind":1,"ty":"sh","ix":2,"ks":{"a":0,"k":{"i":[[6.887,0.016],[5.764,2.507],[0,0],[0,0],[0,0],[0,0],[0,0]],"o":[[-6.285,0.012],[0,0],[0,0],[0,0],[0,0],[0,0],[-6.204,2.99]],"v":[[-155.487,181.852],[-173.755,178.069],[-174.783,177.622],[-164.565,159.911],[-144.41,159.911],[-134.622,176.866],[-135.594,177.333]],"c":true},"ix":2},"nm":"パス 2","mn":"ADBE Vector Shape - Group","hd":false},{"ty":"fl","c":{"a":0,"k":[1,1,1,1],"ix":4},"o":{"a":0,"k":100,"ix":5},"r":1,"bm":0,"nm":"塗り 1","mn":"ADBE Vector Graphic - Fill","hd":false},{"ty":"tr","p":{"a":0,"k":[0,0],"ix":2},"a":{"a":0,"k":[0,0],"ix":1},"s":{"a":0,"k":[100,100],"ix":3},"r":{"a":0,"k":0,"ix":6},"o":{"a":0,"k":100,"ix":7},"sk":{"a":0,"k":0,"ix":4},"sa":{"a":0,"k":0,"ix":5},"nm":"トランスフォーム"}],"nm":"ball pattern 5","np":3,"cix":2,"bm":0,"ix":1,"mn":"ADBE Vector Group","hd":false}],"ip":0,"op":50.0000020365418,"st":0,"bm":0},{"ddd":0,"ind":6,"ty":4,"nm":"ball pattern 6","parent":8,"sr":1,"ks":{"o":{"a":0,"k":100,"ix":11},"r":{"a":0,"k":0,"ix":10},"p":{"a":0,"k":[155.487,-135.855,0],"ix":2},"a":{"a":0,"k":[0,0,0],"ix":1},"s":{"a":0,"k":[100,100,100],"ix":6}},"ao":0,"shapes":[{"ty":"gr","it":[{"ind":0,"ty":"sh","ix":1,"ks":{"a":0,"k":{"i":[[0,0],[0,0],[0,0],[0,0],[0,0],[0,0]],"o":[[0,0],[0,0],[0,0],[0,0],[0,0],[0,0]],"v":[[-164.41,154.823],[-146.564,154.823],[-137.642,139.368],[-146.564,123.914],[-164.41,123.914],[-173.332,139.368]],"c":true},"ix":2},"nm":"パス 1","mn":"ADBE Vector Shape - Group","hd":false},{"ind":1,"ty":"sh","ix":2,"ks":{"a":0,"k":{"i":[[0,0],[0,0],[0,0],[0,0],[0,0],[0,0]],"o":[[0,0],[0,0],[0,0],[0,0],[0,0],[0,0]],"v":[[-145.41,156.823],[-165.564,156.823],[-175.642,139.368],[-165.564,121.914],[-145.41,121.914],[-135.332,139.368]],"c":true},"ix":2},"nm":"パス 2","mn":"ADBE Vector Shape - Group","hd":false},{"ty":"fl","c":{"a":0,"k":[1,1,1,1],"ix":4},"o":{"a":0,"k":100,"ix":5},"r":1,"bm":0,"nm":"塗り 1","mn":"ADBE Vector Graphic - Fill","hd":false},{"ty":"tr","p":{"a":0,"k":[0,0],"ix":2},"a":{"a":0,"k":[0,0],"ix":1},"s":{"a":0,"k":[100,100],"ix":3},"r":{"a":0,"k":0,"ix":6},"o":{"a":0,"k":100,"ix":7},"sk":{"a":0,"k":0,"ix":4},"sa":{"a":0,"k":0,"ix":5},"nm":"トランスフォーム"}],"nm":"ball pattern 6","np":3,"cix":2,"bm":0,"ix":1,"mn":"ADBE Vector Group","hd":false}],"ip":0,"op":50.0000020365418,"st":0,"bm":0},{"ddd":0,"ind":7,"ty":4,"nm":"ball pattern 7","parent":8,"sr":1,"ks":{"o":{"a":0,"k":100,"ix":11},"r":{"a":0,"k":0,"ix":10},"p":{"a":0,"k":[155.487,-135.855,0],"ix":2},"a":{"a":0,"k":[0,0,0],"ix":1},"s":{"a":0,"k":[100,100,100],"ix":6}},"ao":0,"shapes":[{"ty":"gr","it":[{"ind":0,"ty":"sh","ix":1,"ks":{"a":0,"k":{"i":[[0,0],[0,0],[0,0],[0,0],[8.037,-2.056],[0,0]],"o":[[0,0],[0,0],[0,0],[-7.908,-2.508],[0,0],[0,0]],"v":[[-163.41,118.822],[-145.564,118.822],[-136.642,103.371],[-142.091,93.934],[-166.489,93.242],[-172.332,103.371]],"c":true},"ix":2},"nm":"パス 1","mn":"ADBE Vector Shape - Group","hd":false},{"ind":1,"ty":"sh","ix":2,"ks":{"a":0,"k":{"i":[[0,0],[0,0],[0,0],[0,0],[0,0],[-8.51,-2.792],[0,0],[0,0]],"o":[[0,0],[0,0],[0,0],[0,0],[8.653,-2.312],[0,0],[0,0],[0,0]],"v":[[-144.41,120.822],[-164.564,120.822],[-174.642,103.371],[-167.806,91.524],[-167.407,91.416],[-141.104,92.152],[-140.742,92.272],[-134.332,103.371]],"c":true},"ix":2},"nm":"パス 2","mn":"ADBE Vector Shape - Group","hd":false},{"ty":"fl","c":{"a":0,"k":[1,1,1,1],"ix":4},"o":{"a":0,"k":100,"ix":5},"r":1,"bm":0,"nm":"塗り 1","mn":"ADBE Vector Graphic - Fill","hd":false},{"ty":"tr","p":{"a":0,"k":[0,0],"ix":2},"a":{"a":0,"k":[0,0],"ix":1},"s":{"a":0,"k":[100,100],"ix":3},"r":{"a":0,"k":0,"ix":6},"o":{"a":0,"k":100,"ix":7},"sk":{"a":0,"k":0,"ix":4},"sa":{"a":0,"k":0,"ix":5},"nm":"トランスフォーム"}],"nm":"ball pattern 7","np":3,"cix":2,"bm":0,"ix":1,"mn":"ADBE Vector Group","hd":false}],"ip":0,"op":50.0000020365418,"st":0,"bm":0},{"ddd":0,"ind":8,"ty":4,"nm":"ball","sr":1,"ks":{"o":{"a":0,"k":100,"ix":11},"r":{"a":1,"k":[{"i":{"x":[0.667],"y":[1]},"o":{"x":[0.333],"y":[0]},"t":0,"s":[0]},{"t":35.0000014255792,"s":[360]}],"ix":10},"p":{"a":1,"k":[{"i":{"x":0.667,"y":1},"o":{"x":0.333,"y":0},"t":0,"s":[336.711,448.858,0],"to":[-2.167,-29.5,0],"ti":[0.002,0,0]},{"i":{"x":0.667,"y":1},"o":{"x":0.333,"y":0},"t":20,"s":[323.711,271.858,0],"to":[-0.002,0,0],"ti":[-2.165,-29.5,0]},{"t":35.0000014255792,"s":[336.7,448.858,0]}],"ix":2},"a":{"a":0,"k":[0,0,0],"ix":1},"s":{"a":0,"k":[100,100,100],"ix":6}},"ao":0,"shapes":[{"ty":"gr","it":[{"ind":0,"ty":"sh","ix":1,"ks":{"a":0,"k":{"i":[[0,-0.21],[0.418,-2.498],[0,0],[24.504,4.187],[3.296,1.426],[0,0],[1.724,1.046],[2.501,12.371],[-0.001,2.981],[-0.12,1.33],[0,0],[-24.751,-2.237],[-0.317,-23.043],[0,0]],"o":[[-0.001,2.533],[0,0],[-4.187,24.504],[-3.54,-0.605],[0,0],[-1.852,-0.799],[-10.805,-6.523],[-0.58,-2.924],[0,-1.36],[0,0],[2.237,-24.751],[22.952,2.074],[0,0],[0.01,0.21]],"v":[[45,-0.003],[44.37,7.557],[44.37,7.567],[-7.58,44.354],[-17.87,41.297],[-17.88,41.297],[-23.25,38.527],[-44.13,8.877],[-45,-0.003],[-44.82,-4.043],[-44.82,-4.053],[4.045,-44.819],[44.99,-0.623],[44.99,-0.613]],"c":true},"ix":2},"nm":"パス 1","mn":"ADBE Vector Shape - Group","hd":false},{"ty":"fl","c":{"a":0,"k":[0.9490196078431372,0.10588235294117647,0.027450980392156862,1],"ix":4},"o":{"a":0,"k":100,"ix":5},"r":1,"bm":0,"nm":"塗り 1","mn":"ADBE Vector Graphic - Fill","hd":false},{"ty":"tr","p":{"a":0,"k":[0,0],"ix":2},"a":{"a":0,"k":[0,0],"ix":1},"s":{"a":0,"k":[100,100],"ix":3},"r":{"a":0,"k":0,"ix":6},"o":{"a":0,"k":100,"ix":7},"sk":{"a":0,"k":0,"ix":4},"sa":{"a":0,"k":0,"ix":5},"nm":"トランスフォーム"}],"nm":"ball","np":2,"cix":2,"bm":0,"ix":1,"mn":"ADBE Vector Group","hd":false}],"ip":0,"op":50.0000020365418,"st":0,"bm":0},{"ddd":0,"ind":9,"ty":4,"nm":"hair","parent":18,"sr":1,"ks":{"o":{"a":0,"k":100,"ix":11},"r":{"a":1,"k":[{"i":{"x":[0.667],"y":[1]},"o":{"x":[0.333],"y":[0]},"t":0,"s":[0]},{"i":{"x":[0.667],"y":[1]},"o":{"x":[0.333],"y":[0]},"t":20,"s":[-3]},{"t":35.0000014255792,"s":[0]}],"ix":10},"p":{"a":0,"k":[26.515,6.487,0],"ix":2},"a":{"a":0,"k":[27.925,25.269,0],"ix":1},"s":{"a":1,"k":[{"i":{"x":[0.667,0.667,0.667],"y":[1,1,1]},"o":{"x":[0.333,0.333,0.333],"y":[0,0,0]},"t":0,"s":[100,100,100]},{"i":{"x":[0.667,0.667,0.667],"y":[1,1,1]},"o":{"x":[0.333,0.333,0.333],"y":[0,0,0]},"t":20,"s":[103,103,100]},{"t":35.0000014255792,"s":[100,100,100]}],"ix":6}},"ao":0,"shapes":[{"ty":"gr","it":[{"ind":0,"ty":"sh","ix":1,"ks":{"a":0,"k":{"i":[[14.406,1.977],[16.135,-10.628],[-1.582,-7.189],[0,0],[-13.36,1.102],[0,0],[0,0],[-4.894,-1.772]],"o":[[0,0],[-16.135,10.628],[1.582,7.189],[0,0],[13.36,-1.102],[0,0],[0,0],[4.894,1.772]],"v":[[19.623,-15.022],[-12.543,-21.27],[-34.75,6.871],[-28.486,24.058],[-18.036,8.063],[13.783,-1.88],[26.269,24.783],[32.928,20.377]],"c":true},"ix":2},"nm":"パス 1","mn":"ADBE Vector Shape - Group","hd":false},{"ty":"fl","c":{"a":0,"k":[0,0,0,1],"ix":4},"o":{"a":0,"k":100,"ix":5},"r":1,"bm":0,"nm":"塗り 1","mn":"ADBE Vector Graphic - Fill","hd":false},{"ty":"tr","p":{"a":0,"k":[0,0],"ix":2},"a":{"a":0,"k":[0,0],"ix":1},"s":{"a":0,"k":[100,100],"ix":3},"r":{"a":0,"k":0,"ix":6},"o":{"a":0,"k":100,"ix":7},"sk":{"a":0,"k":0,"ix":4},"sa":{"a":0,"k":0,"ix":5},"nm":"トランスフォーム"}],"nm":"hair","np":2,"cix":2,"bm":0,"ix":1,"mn":"ADBE Vector Group","hd":false}],"ip":0,"op":50.0000020365418,"st":0,"bm":0},{"ddd":0,"ind":10,"ty":4,"nm":"arm split left","parent":11,"sr":1,"ks":{"o":{"a":0,"k":20,"ix":11},"r":{"a":0,"k":0,"ix":10},"p":{"a":0,"k":[-17.618,38.556,0],"ix":2},"a":{"a":0,"k":[0,0,0],"ix":1},"s":{"a":0,"k":[100,100,100],"ix":6}},"ao":0,"shapes":[{"ty":"gr","it":[{"ind":0,"ty":"sh","ix":1,"ks":{"a":0,"k":{"i":[[0,0],[0,0],[0,0]],"o":[[0,0],[0,0],[0,0]],"v":[[9.5,-36],[-9.5,36],[6.5,2]],"c":true},"ix":2},"nm":"パス 1","mn":"ADBE Vector Shape - Group","hd":false},{"ty":"fl","c":{"a":0,"k":[0,0,0,1],"ix":4},"o":{"a":0,"k":100,"ix":5},"r":1,"bm":0,"nm":"塗り 1","mn":"ADBE Vector Graphic - Fill","hd":false},{"ty":"tr","p":{"a":0,"k":[0,0],"ix":2},"a":{"a":0,"k":[0,0],"ix":1},"s":{"a":0,"k":[100,100],"ix":3},"r":{"a":0,"k":0,"ix":6},"o":{"a":0,"k":100,"ix":7},"sk":{"a":0,"k":0,"ix":4},"sa":{"a":0,"k":0,"ix":5},"nm":"トランスフォーム"}],"nm":"arm split left","np":2,"cix":2,"bm":0,"ix":1,"mn":"ADBE Vector Group","hd":false}],"ip":0,"op":50.0000020365418,"st":0,"bm":0},{"ddd":0,"ind":11,"ty":4,"nm":"arm left","parent":16,"sr":1,"ks":{"o":{"a":0,"k":100,"ix":11},"r":{"a":1,"k":[{"i":{"x":[0.667],"y":[1]},"o":{"x":[0.333],"y":[0]},"t":0,"s":[-1]},{"i":{"x":[0.667],"y":[1]},"o":{"x":[0.333],"y":[0]},"t":15,"s":[-8]},{"t":32.0000013033867,"s":[-1]}],"ix":10},"p":{"a":0,"k":[33.326,-47.744,0],"ix":2},"a":{"a":0,"k":[-9,-59,0],"ix":1},"s":{"a":0,"k":[100,100,100],"ix":6}},"ao":0,"shapes":[{"ty":"gr","it":[{"ind":0,"ty":"sh","ix":1,"ks":{"a":0,"k":{"i":[[14.506,29.158],[-4.901,-21.709],[-0.08,-0.33],[-11.393,-17.866],[0,0],[0,0],[0,0],[0,0]],"o":[[-9.913,-19.926],[0.073,0.324],[5.166,20.55],[0,0],[0,0],[0,0],[0,0],[0,0]],"v":[[6.326,-70.575],[-28.848,-57.924],[-28.618,-56.943],[-3.618,1.057],[-14.618,50.057],[-26.618,75.057],[-1.618,81.057],[29.382,6.057]],"c":true},"ix":2},"nm":"パス 1","mn":"ADBE Vector Shape - Group","hd":false},{"ty":"fl","c":{"a":0,"k":[0,0,0,1],"ix":4},"o":{"a":0,"k":100,"ix":5},"r":1,"bm":0,"nm":"塗り 1","mn":"ADBE Vector Graphic - Fill","hd":false},{"ty":"tr","p":{"a":0,"k":[0,0],"ix":2},"a":{"a":0,"k":[0,0],"ix":1},"s":{"a":0,"k":[100,100],"ix":3},"r":{"a":0,"k":0,"ix":6},"o":{"a":0,"k":100,"ix":7},"sk":{"a":0,"k":0,"ix":4},"sa":{"a":0,"k":0,"ix":5},"nm":"トランスフォーム"}],"nm":"arm left","np":2,"cix":2,"bm":0,"ix":1,"mn":"ADBE Vector Group","hd":false}],"ip":0,"op":50.0000020365418,"st":0,"bm":0},{"ddd":0,"ind":12,"ty":4,"nm":"socks logo right","parent":22,"sr":1,"ks":{"o":{"a":0,"k":100,"ix":11},"r":{"a":0,"k":0,"ix":10},"p":{"a":0,"k":[0.662,-8.796,0],"ix":2},"a":{"a":0,"k":[0,0,0],"ix":1},"s":{"a":0,"k":[100,100,100],"ix":6}},"ao":0,"shapes":[{"ty":"gr","it":[{"ind":0,"ty":"sh","ix":1,"ks":{"a":0,"k":{"i":[[5.159,-6.282],[-5.462,-2.462],[0,0]],"o":[[0,0],[5.462,2.462],[0,0]],"v":[[-9.929,3.629],[0.95,-3.215],[9.929,1.124]],"c":true},"ix":2},"nm":"パス 1","mn":"ADBE Vector Shape - Group","hd":false},{"ty":"fl","c":{"a":0,"k":[0,0,0,1],"ix":4},"o":{"a":0,"k":100,"ix":5},"r":1,"bm":0,"nm":"塗り 1","mn":"ADBE Vector Graphic - Fill","hd":false},{"ty":"tr","p":{"a":0,"k":[0,0],"ix":2},"a":{"a":0,"k":[0,0],"ix":1},"s":{"a":0,"k":[100,100],"ix":3},"r":{"a":0,"k":0,"ix":6},"o":{"a":0,"k":100,"ix":7},"sk":{"a":0,"k":0,"ix":4},"sa":{"a":0,"k":0,"ix":5},"nm":"トランスフォーム"}],"nm":"socks logo right","np":2,"cix":2,"bm":0,"ix":1,"mn":"ADBE Vector Group","hd":false}],"ip":0,"op":50.0000020365418,"st":0,"bm":0},{"ddd":0,"ind":13,"ty":4,"nm":"socks logo left","parent":20,"sr":1,"ks":{"o":{"a":0,"k":100,"ix":11},"r":{"a":0,"k":0,"ix":10},"p":{"a":0,"k":[0.5,-0.035,0],"ix":2},"a":{"a":0,"k":[0,0,0],"ix":1},"s":{"a":0,"k":[100,100,100],"ix":6}},"ao":0,"shapes":[{"ty":"gr","it":[{"ind":0,"ty":"sh","ix":1,"ks":{"a":0,"k":{"i":[[6.764,-4.509],[-4.509,-3.945],[0,0]],"o":[[0,0],[4.509,3.945],[0,0]],"v":[[-9.864,0.583],[2.536,-2.799],[9.864,3.965]],"c":true},"ix":2},"nm":"パス 1","mn":"ADBE Vector Shape - Group","hd":false},{"ty":"fl","c":{"a":0,"k":[0,0,0,1],"ix":4},"o":{"a":0,"k":100,"ix":5},"r":1,"bm":0,"nm":"塗り 1","mn":"ADBE Vector Graphic - Fill","hd":false},{"ty":"tr","p":{"a":0,"k":[0,0],"ix":2},"a":{"a":0,"k":[0,0],"ix":1},"s":{"a":0,"k":[100,100],"ix":3},"r":{"a":0,"k":0,"ix":6},"o":{"a":0,"k":100,"ix":7},"sk":{"a":0,"k":0,"ix":4},"sa":{"a":0,"k":0,"ix":5},"nm":"トランスフォーム"}],"nm":"socks logo left","np":2,"cix":2,"bm":0,"ix":1,"mn":"ADBE Vector Group","hd":false}],"ip":0,"op":50.0000020365418,"st":0,"bm":0},{"ddd":0,"ind":14,"ty":4,"nm":"pants logo","parent":23,"sr":1,"ks":{"o":{"a":0,"k":100,"ix":11},"r":{"a":0,"k":-1,"ix":10},"p":{"a":0,"k":[30.975,38.583,0],"ix":2},"a":{"a":0,"k":[0,0,0],"ix":1},"s":{"a":0,"k":[100,100,100],"ix":6}},"ao":0,"shapes":[{"ty":"gr","it":[{"ind":0,"ty":"sh","ix":1,"ks":{"a":0,"k":{"i":[[12,-8],[-8,-7],[0,0]],"o":[[0,0],[8,7],[0,0]],"v":[[-17.5,1.035],[4.5,-4.965],[17.5,7.035]],"c":true},"ix":2},"nm":"パス 1","mn":"ADBE Vector Shape - Group","hd":false},{"ty":"fl","c":{"a":0,"k":[0.9490196078431372,0.10588235294117647,0.027450980392156862,1],"ix":4},"o":{"a":0,"k":100,"ix":5},"r":1,"bm":0,"nm":"塗り 1","mn":"ADBE Vector Graphic - Fill","hd":false},{"ty":"tr","p":{"a":0,"k":[0,0],"ix":2},"a":{"a":0,"k":[0,0],"ix":1},"s":{"a":0,"k":[100,100],"ix":3},"r":{"a":0,"k":0,"ix":6},"o":{"a":0,"k":100,"ix":7},"sk":{"a":0,"k":0,"ix":4},"sa":{"a":0,"k":0,"ix":5},"nm":"トランスフォーム"}],"nm":"pants logo","np":2,"cix":2,"bm":0,"ix":1,"mn":"ADBE Vector Group","hd":false}],"ip":0,"op":50.0000020365418,"st":0,"bm":0},{"ddd":0,"ind":15,"ty":4,"nm":"hand left","parent":11,"sr":1,"ks":{"o":{"a":0,"k":100,"ix":11},"r":{"a":0,"k":0,"ix":10},"p":{"a":0,"k":[-20.555,89.814,0],"ix":2},"a":{"a":0,"k":[0,0,0],"ix":1},"s":{"a":0,"k":[100,100,100],"ix":6}},"ao":0,"shapes":[{"ty":"gr","it":[{"ind":0,"ty":"sh","ix":1,"ks":{"a":0,"k":{"i":[[0,0],[-20,-5],[0,0]],"o":[[0,0],[20,5],[0,0]],"v":[[-0.562,-16.258],[-10.562,15.742],[17.438,-12.258]],"c":true},"ix":2},"nm":"パス 1","mn":"ADBE Vector Shape - Group","hd":false},{"ty":"fl","c":{"a":0,"k":[1,0.721568644047,0.721568644047,1],"ix":4},"o":{"a":0,"k":100,"ix":5},"r":1,"bm":0,"nm":"塗り 1","mn":"ADBE Vector Graphic - Fill","hd":false},{"ty":"tr","p":{"a":0,"k":[0,0],"ix":2},"a":{"a":0,"k":[0,0],"ix":1},"s":{"a":0,"k":[100,100],"ix":3},"r":{"a":0,"k":0,"ix":6},"o":{"a":0,"k":100,"ix":7},"sk":{"a":0,"k":0,"ix":4},"sa":{"a":0,"k":0,"ix":5},"nm":"トランスフォーム"}],"nm":"hand left","np":2,"cix":2,"bm":0,"ix":1,"mn":"ADBE Vector Group","hd":false}],"ip":0,"op":50.0000020365418,"st":0,"bm":0},{"ddd":0,"ind":16,"ty":4,"nm":"body","parent":23,"sr":1,"ks":{"o":{"a":0,"k":100,"ix":11},"r":{"a":0,"k":0,"ix":10},"p":{"a":0,"k":[23.745,-115.681,0],"ix":2},"a":{"a":0,"k":[0,0,0],"ix":1},"s":{"a":0,"k":[100,100,100],"ix":6}},"ao":0,"shapes":[{"ty":"gr","it":[{"ind":0,"ty":"sh","ix":1,"ks":{"a":0,"k":{"i":[[0,0],[18.511,9.505],[0,0],[0,0],[5.803,-4.499],[3.414,-0.013],[0,0],[0,0],[0,0],[3,-6],[4.531,-29.577],[0.459,-2.754],[-8.865,5.702],[0,0],[-10,3],[-5.795,-0.237],[-0.094,-0.939],[-7,3]],"o":[[0,0],[-18.5,-9.5],[0,0],[-0.551,7.322],[-6.134,4.736],[0,0],[0,0],[0,0],[0,0],[-1.623,3.246],[-3.844,25.094],[-0.776,4.655],[0.131,0.146],[0,0],[5.666,-1.7],[-0.007,1.737],[1,10],[7,-3]],"v":[[58.236,47.181],[39.723,-72.671],[8.986,-87.593],[8.986,-87.593],[-0.994,-69.026],[-16.654,-60.351],[-16.764,-60.819],[-17.18,-62.008],[-27.264,-46.319],[-39.264,-38.319],[-37.764,27.181],[-58.264,77.681],[-30.488,64.436],[-30.264,64.681],[-25.264,63.681],[-5.891,62.124],[-5.764,66.181],[52.236,87.181]],"c":true},"ix":2},"nm":"パス 1","mn":"ADBE Vector Shape - Group","hd":false},{"ty":"fl","c":{"a":0,"k":[0,0,0,1],"ix":4},"o":{"a":0,"k":100,"ix":5},"r":1,"bm":0,"nm":"塗り 1","mn":"ADBE Vector Graphic - Fill","hd":false},{"ty":"tr","p":{"a":0,"k":[0,0],"ix":2},"a":{"a":0,"k":[0,0],"ix":1},"s":{"a":0,"k":[100,100],"ix":3},"r":{"a":0,"k":0,"ix":6},"o":{"a":0,"k":100,"ix":7},"sk":{"a":0,"k":0,"ix":4},"sa":{"a":0,"k":0,"ix":5},"nm":"トランスフォーム"}],"nm":"body","np":2,"cix":2,"bm":0,"ix":1,"mn":"ADBE Vector Group","hd":false}],"ip":0,"op":50.0000020365418,"st":0,"bm":0},{"ddd":0,"ind":17,"ty":4,"nm":"neck","parent":16,"sr":1,"ks":{"o":{"a":0,"k":100,"ix":11},"r":{"a":1,"k":[{"i":{"x":[0.667],"y":[1]},"o":{"x":[0.333],"y":[0]},"t":0,"s":[0]},{"i":{"x":[0.667],"y":[1]},"o":{"x":[0.333],"y":[0]},"t":12,"s":[-12]},{"t":33.0000013441176,"s":[0]}],"ix":10},"p":{"a":0,"k":[8.406,-62.319,0],"ix":2},"a":{"a":0,"k":[11,16,0],"ix":1},"s":{"a":0,"k":[100,100,100],"ix":6}},"ao":0,"shapes":[{"ty":"gr","it":[{"ind":0,"ty":"sh","ix":1,"ks":{"a":0,"k":{"i":[[0,0],[-8,1],[0,0],[5,2]],"o":[[0,0],[0,0],[0,0],[-5,-2]],"v":[[-1.669,-23],[22.331,-4],[-12.669,23],[-21.669,4]],"c":true},"ix":2},"nm":"パス 1","mn":"ADBE Vector Shape - Group","hd":false},{"ty":"fl","c":{"a":0,"k":[1,0.721568644047,0.721568644047,1],"ix":4},"o":{"a":0,"k":100,"ix":5},"r":1,"bm":0,"nm":"塗り 1","mn":"ADBE Vector Graphic - Fill","hd":false},{"ty":"tr","p":{"a":0,"k":[0,0],"ix":2},"a":{"a":0,"k":[0,0],"ix":1},"s":{"a":0,"k":[100,100],"ix":3},"r":{"a":0,"k":0,"ix":6},"o":{"a":0,"k":100,"ix":7},"sk":{"a":0,"k":0,"ix":4},"sa":{"a":0,"k":0,"ix":5},"nm":"トランスフォーム"}],"nm":"neck","np":2,"cix":2,"bm":0,"ix":1,"mn":"ADBE Vector Group","hd":false}],"ip":0,"op":50.0000020365418,"st":0,"bm":0},{"ddd":0,"ind":18,"ty":4,"nm":"face","parent":17,"sr":1,"ks":{"o":{"a":0,"k":100,"ix":11},"r":{"a":0,"k":0,"ix":10},"p":{"a":0,"k":[-27.669,-20,0],"ix":2},"a":{"a":0,"k":[0,0,0],"ix":1},"s":{"a":0,"k":[100,100,100],"ix":6}},"ao":0,"shapes":[{"ty":"gr","it":[{"ind":0,"ty":"sh","ix":1,"ks":{"a":0,"k":{"i":[[-16.016,0],[0,-16.016],[16.016,0],[0,16.016]],"o":[[16.016,0],[0,16.016],[-16.016,0],[0,-16.016]],"v":[[0,-29],[29,0],[0,29],[-29,0]],"c":true},"ix":2},"nm":"パス 1","mn":"ADBE Vector Shape - Group","hd":false},{"ty":"fl","c":{"a":0,"k":[1,0.721568644047,0.721568644047,1],"ix":4},"o":{"a":0,"k":100,"ix":5},"r":1,"bm":0,"nm":"塗り 1","mn":"ADBE Vector Graphic - Fill","hd":false},{"ty":"tr","p":{"a":0,"k":[0,0],"ix":2},"a":{"a":0,"k":[0,0],"ix":1},"s":{"a":0,"k":[100,100],"ix":3},"r":{"a":0,"k":0,"ix":6},"o":{"a":0,"k":100,"ix":7},"sk":{"a":0,"k":0,"ix":4},"sa":{"a":0,"k":0,"ix":5},"nm":"トランスフォーム"}],"nm":"face","np":2,"cix":2,"bm":0,"ix":1,"mn":"ADBE Vector Group","hd":false}],"ip":0,"op":50.0000020365418,"st":0,"bm":0},{"ddd":0,"ind":19,"ty":4,"nm":"shoes left","parent":20,"sr":1,"ks":{"o":{"a":0,"k":100,"ix":11},"r":{"a":1,"k":[{"i":{"x":[0.667],"y":[1]},"o":{"x":[0.333],"y":[0]},"t":0,"s":[0]},{"i":{"x":[0.667],"y":[1]},"o":{"x":[0.333],"y":[0]},"t":12,"s":[-4]},{"t":33.0000013441176,"s":[0]}],"ix":10},"p":{"a":0,"k":[-51.653,51.465,0],"ix":2},"a":{"a":0,"k":[-31,14,0],"ix":1},"s":{"a":0,"k":[100,100,100],"ix":6}},"ao":0,"shapes":[{"ty":"gr","it":[{"ind":0,"ty":"sh","ix":1,"ks":{"a":0,"k":{"i":[[0.035,0.998],[0.978,-2.928],[4.617,7.119],[4.394,-6.221],[0,0],[-2.453,-7.68],[-2.982,-0.689],[0.043,-0.194],[0,0],[-0.889,-0.19],[0,0],[-0.19,0.889],[0,0],[0.067,0.246],[-0.877,-0.07],[0.078,-0.361],[0,0],[-0.889,-0.19],[0,0],[-0.19,0.889],[0,0],[0.452,0.39],[-2.449,0.032],[0.064,-0.292],[0,0],[-0.889,-0.19],[0,0],[-0.19,0.889],[0,0],[0.526,0.381],[-1.729,0.093],[0.063,-0.292],[0,0],[-0.889,-0.19],[0,0],[-0.19,0.889],[0,0],[0.627,0.35],[0,0],[-6.402,1.136],[0,0],[-0.889,-0.19],[0,0],[-0.19,0.889],[0,0],[0.327,0.386],[-1.291,0.268],[0,0],[-0.889,-0.19],[0,0],[-0.19,0.889],[0,0],[0.367,0.392],[-1.258,0.341],[0.011,-0.053],[0,0],[-0.889,-0.19],[0,0],[-0.19,0.889],[0,0],[0.717,0.313]],"o":[[-0.144,-4.121],[-0.978,2.928],[0,0],[-4.394,6.221],[0,0],[0.496,1.553],[-0.109,0.166],[0,0],[-0.19,0.889],[0,0],[0.889,0.19],[0,0],[0.052,-0.25],[0.815,0.1],[-0.286,0.233],[0,0],[-0.19,0.889],[0,0],[0.889,0.189],[0,0],[0.123,-0.584],[2.331,0.104],[-0.206,0.217],[0,0],[-0.19,0.889],[0,0],[0.889,0.189],[0,0],[0.135,-0.636],[1.843,-0.054],[-0.206,0.216],[0,0],[-0.19,0.889],[0,0],[0.889,0.19],[0,0],[0.148,-0.703],[6.089,-0.393],[0,0],[0,0],[-0.189,0.889],[0,0],[0.889,0.189],[0,0],[0.104,-0.495],[1.289,-0.245],[0,0],[-0.19,0.889],[0,0],[0.889,0.189],[0,0],[0.112,-0.525],[1.403,-0.323],[-0.016,0.051],[0,0],[-0.19,0.889],[0,0],[0.889,0.19],[0,0],[0.163,-0.765],[3.074,-1.005]],"v":[[39.042,6.969],[33.576,-13.692],[11.29,-16.329],[0.532,-18.623],[-12.232,-1.917],[-38.896,12.848],[-33.351,16.142],[-33.58,16.686],[-33.727,17.38],[-32.461,19.332],[-31.768,19.48],[-29.816,18.214],[-29.668,17.521],[-29.691,16.766],[-27.149,17.02],[-27.712,17.938],[-27.859,18.631],[-26.593,20.583],[-25.9,20.731],[-23.947,19.465],[-23.8,18.772],[-24.333,17.193],[-17.102,17.288],[-17.515,18.067],[-17.662,18.76],[-16.396,20.712],[-15.703,20.86],[-13.75,19.594],[-13.603,18.901],[-14.246,17.228],[-8.862,17.002],[-9.273,17.779],[-9.421,18.472],[-8.155,20.424],[-7.462,20.572],[-5.509,19.306],[-5.361,18.613],[-6.167,16.842],[4.409,15.946],[16.055,14.077],[15.928,14.674],[17.194,16.626],[17.887,16.774],[19.84,15.508],[19.987,14.815],[19.634,13.419],[23.517,12.649],[23.399,13.199],[24.666,15.152],[25.359,15.3],[27.311,14.033],[27.459,13.34],[27.051,11.876],[31.068,10.879],[31.019,11.031],[30.871,11.725],[32.137,13.677],[32.83,13.825],[34.783,12.559],[34.931,11.865],[33.979,10.014]],"c":true},"ix":2},"nm":"パス 1","mn":"ADBE Vector Shape - Group","hd":false},{"ty":"fl","c":{"a":0,"k":[0,0,0,1],"ix":4},"o":{"a":0,"k":100,"ix":5},"r":1,"bm":0,"nm":"塗り 1","mn":"ADBE Vector Graphic - Fill","hd":false},{"ty":"tr","p":{"a":0,"k":[0,0],"ix":2},"a":{"a":0,"k":[0,0],"ix":1},"s":{"a":0,"k":[100,100],"ix":3},"r":{"a":0,"k":0,"ix":6},"o":{"a":0,"k":100,"ix":7},"sk":{"a":0,"k":0,"ix":4},"sa":{"a":0,"k":0,"ix":5},"nm":"トランスフォーム"}],"nm":"shoes left","np":2,"cix":2,"bm":0,"ix":1,"mn":"ADBE Vector Group","hd":false}],"ip":0,"op":50.0000020365418,"st":0,"bm":0},{"ddd":0,"ind":20,"ty":4,"nm":"socks left","parent":24,"sr":1,"ks":{"o":{"a":0,"k":100,"ix":11},"r":{"a":0,"k":0,"ix":10},"p":{"a":0,"k":[1.698,85.5,0],"ix":2},"a":{"a":0,"k":[0,0,0],"ix":1},"s":{"a":0,"k":[100,100,100],"ix":6}},"ao":0,"shapes":[{"ty":"gr","it":[{"ind":0,"ty":"sh","ix":1,"ks":{"a":0,"k":{"i":[[0,0],[0,0],[3.84,-11],[0,0],[0,0]],"o":[[0,0],[0,0],[-3.84,11],[0,0],[0,0]],"v":[[18,-28.5],[-13.68,-30.5],[-15.6,13.5],[-17.52,28.5],[10.32,30.5]],"c":true},"ix":2},"nm":"パス 1","mn":"ADBE Vector Shape - Group","hd":false},{"ty":"fl","c":{"a":0,"k":[0.9490196078431372,0.10588235294117647,0.027450980392156862,1],"ix":4},"o":{"a":0,"k":100,"ix":5},"r":1,"bm":0,"nm":"塗り 1","mn":"ADBE Vector Graphic - Fill","hd":false},{"ty":"tr","p":{"a":0,"k":[0,0],"ix":2},"a":{"a":0,"k":[0,0],"ix":1},"s":{"a":0,"k":[100,100],"ix":3},"r":{"a":0,"k":0,"ix":6},"o":{"a":0,"k":100,"ix":7},"sk":{"a":0,"k":0,"ix":4},"sa":{"a":0,"k":0,"ix":5},"nm":"トランスフォーム"}],"nm":"socks left","np":2,"cix":2,"bm":0,"ix":1,"mn":"ADBE Vector Group","hd":false}],"ip":0,"op":50.0000020365418,"st":0,"bm":0},{"ddd":0,"ind":21,"ty":4,"nm":"shoes right","parent":22,"sr":1,"ks":{"o":{"a":0,"k":100,"ix":11},"r":{"a":1,"k":[{"i":{"x":[0.667],"y":[1]},"o":{"x":[0.333],"y":[0]},"t":0,"s":[0]},{"i":{"x":[0.667],"y":[1]},"o":{"x":[0.333],"y":[0]},"t":12,"s":[28]},{"t":33.0000013441176,"s":[0]}],"ix":10},"p":{"a":0,"k":[1.309,27.384,0],"ix":2},"a":{"a":0,"k":[13,-19,0],"ix":1},"s":{"a":0,"k":[100,100,100],"ix":6}},"ao":0,"shapes":[{"ty":"gr","it":[{"ind":0,"ty":"sh","ix":1,"ks":{"a":0,"k":{"i":[[0.242,0.969],[0.346,-3.068],[6,6],[3,-7],[0,0],[-4,-7],[-3.06,-0.053],[0.001,-0.198],[0,0],[-0.909,0],[0,0],[0,0.909],[0,0],[0.117,0.227],[-0.872,0.115],[0.001,-0.369],[0,0],[-0.909,0],[0,0],[0,0.909],[0,0],[0.524,0.287],[-2.389,0.542],[0.001,-0.299],[0,0],[-0.909,0],[0,0],[0,0.909],[0,0],[0.594,0.263],[-1.671,0.452],[0.001,-0.298],[0,0],[-0.909,0],[0,0],[0,0.909],[0,0],[0.687,0.211],[0,0],[-6.024,2.446],[0,0],[-0.909,0],[0,0],[0,0.909],[0,0],[0.4,0.309],[-1.207,0.532],[0,0],[-0.909,0],[0,0],[0,0.909],[0,0],[0.441,0.307],[-1.159,0.596],[0,-0.055],[0,0],[-0.909,0],[0,0],[0,0.909],[0,0],[0.766,0.156]],"o":[[-1,-4],[-0.346,3.068],[0,0],[-3,7],[0,0],[0.809,1.416],[-0.072,0.185],[0,0],[0,0.909],[0,0],[0.909,0],[0,0],[-0.002,-0.255],[0.818,-0.072],[-0.231,0.288],[0,0],[0,0.909],[0,0],[0.909,0],[0,0],[-0.002,-0.597],[2.302,-0.384],[-0.157,0.255],[0,0],[0,0.909],[0,0],[0.909,0],[0,0],[-0.001,-0.65],[1.792,-0.437],[-0.156,0.254],[0,0],[0,0.909],[0,0],[0.909,0],[0,0],[-0.002,-0.718],[5.873,-1.654],[0,0],[0,0],[0,0.909],[0,0],[0.909,0],[0,0],[-0.001,-0.506],[1.21,-0.508],[0,0],[0,0.909],[0,0],[0.909,0],[0,0],[0,-0.537],[1.305,-0.609],[-0.005,0.053],[0,0],[0,0.909],[0,0],[0.909,0],[0,0],[0,-0.782],[2.796,-1.624]],"v":[[37.691,-3.444],[28.037,-22.512],[5.691,-20.444],[-5.309,-20.444],[-14.309,-1.444],[-37.309,18.556],[-31.198,20.621],[-31.309,21.201],[-31.309,21.91],[-29.663,23.556],[-28.955,23.556],[-27.309,21.91],[-27.309,21.201],[-27.489,20.468],[-24.95,20.187],[-25.309,21.201],[-25.309,21.91],[-23.663,23.556],[-22.955,23.556],[-21.309,21.91],[-21.309,21.201],[-22.16,19.769],[-15.067,18.354],[-15.309,19.201],[-15.309,19.91],[-13.663,21.556],[-12.955,21.556],[-11.309,19.91],[-11.309,19.201],[-12.287,17.699],[-7.068,16.356],[-7.309,17.201],[-7.309,17.91],[-5.663,19.556],[-4.955,19.556],[-3.309,17.91],[-3.309,17.201],[-4.466,15.638],[5.691,12.556],[16.691,8.299],[16.691,8.91],[18.337,10.556],[19.045,10.556],[20.691,8.91],[20.691,8.201],[20.055,6.91],[23.691,5.347],[23.691,5.91],[25.337,7.556],[26.045,7.556],[27.691,5.91],[27.691,5.201],[26.987,3.854],[30.707,2.042],[30.691,2.201],[30.691,2.91],[32.337,4.556],[33.045,4.556],[34.691,2.91],[34.691,2.201],[33.374,0.589]],"c":true},"ix":2},"nm":"パス 1","mn":"ADBE Vector Shape - Group","hd":false},{"ty":"fl","c":{"a":0,"k":[0,0,0,1],"ix":4},"o":{"a":0,"k":100,"ix":5},"r":1,"bm":0,"nm":"塗り 1","mn":"ADBE Vector Graphic - Fill","hd":false},{"ty":"tr","p":{"a":0,"k":[0,0],"ix":2},"a":{"a":0,"k":[0,0],"ix":1},"s":{"a":0,"k":[100,100],"ix":3},"r":{"a":0,"k":0,"ix":6},"o":{"a":0,"k":100,"ix":7},"sk":{"a":0,"k":0,"ix":4},"sa":{"a":0,"k":0,"ix":5},"nm":"トランスフォーム"}],"nm":"shoes right","np":2,"cix":2,"bm":0,"ix":1,"mn":"ADBE Vector Group","hd":false}],"ip":0,"op":50.0000020365418,"st":0,"bm":0},{"ddd":0,"ind":22,"ty":4,"nm":"socks right","parent":25,"sr":1,"ks":{"o":{"a":0,"k":100,"ix":11},"r":{"a":0,"k":0,"ix":10},"p":{"a":0,"k":[-10.452,77.56,0],"ix":2},"a":{"a":0,"k":[0,-1,0],"ix":1},"s":{"a":0,"k":[100,100,100],"ix":6}},"ao":0,"shapes":[{"ty":"gr","it":[{"ind":0,"ty":"sh","ix":1,"ks":{"a":0,"k":{"i":[[0,0],[0,0],[0,0],[1.977,-10.546],[0,0],[0,4],[-2,11]],"o":[[0,0],[0,0],[2.536,10.426],[0,0],[0,0],[0,-4],[2,-11]],"v":[[11,-32.06],[-18,-26.06],[-12.848,-4.878],[-12,26.94],[-12,26.94],[18,30.94],[13,-0.06]],"c":true},"ix":2},"nm":"パス 1","mn":"ADBE Vector Shape - Group","hd":false},{"ty":"fl","c":{"a":0,"k":[0.9490196078431372,0.10588235294117647,0.027450980392156862,1],"ix":4},"o":{"a":0,"k":100,"ix":5},"r":1,"bm":0,"nm":"塗り 1","mn":"ADBE Vector Graphic - Fill","hd":false},{"ty":"tr","p":{"a":0,"k":[0,0],"ix":2},"a":{"a":0,"k":[0,0],"ix":1},"s":{"a":0,"k":[100,100],"ix":3},"r":{"a":0,"k":0,"ix":6},"o":{"a":0,"k":100,"ix":7},"sk":{"a":0,"k":0,"ix":4},"sa":{"a":0,"k":0,"ix":5},"nm":"トランスフォーム"}],"nm":"socks right","np":2,"cix":2,"bm":0,"ix":1,"mn":"ADBE Vector Group","hd":false}],"ip":0,"op":50.0000020365418,"st":0,"bm":0},{"ddd":0,"ind":23,"ty":4,"nm":"pants","sr":1,"ks":{"o":{"a":0,"k":100,"ix":11},"r":{"a":1,"k":[{"i":{"x":[0.667],"y":[1]},"o":{"x":[0.333],"y":[0]},"t":0,"s":[0]},{"i":{"x":[0.667],"y":[1]},"o":{"x":[0.333],"y":[0]},"t":12,"s":[3]},{"t":33.0000013441176,"s":[0]}],"ix":10},"p":{"a":0,"k":[517.531,255.352,0],"ix":2},"a":{"a":0,"k":[37,-47,0],"ix":1},"s":{"a":0,"k":[100,100,100],"ix":6}},"ao":0,"shapes":[{"ty":"gr","it":[{"ind":0,"ty":"sh","ix":1,"ks":{"a":0,"k":{"i":[[0,0],[0,-13],[0,0],[0,0],[0,0],[0,0],[1,3],[0,0]],"o":[[0,0],[0,0],[0,0],[0,0],[0,0],[0,0],[-1,-3],[0,0]],"v":[[-6.518,-55],[-71.518,-1],[-19.518,42],[-1.518,22],[-3.518,52],[52.482,63],[71.482,-16],[67.482,-63]],"c":true},"ix":2},"nm":"パス 1","mn":"ADBE Vector Shape - Group","hd":false},{"ty":"fl","c":{"a":0,"k":[0,0,0,1],"ix":4},"o":{"a":0,"k":100,"ix":5},"r":1,"bm":0,"nm":"塗り 1","mn":"ADBE Vector Graphic - Fill","hd":false},{"ty":"tr","p":{"a":0,"k":[0,0],"ix":2},"a":{"a":0,"k":[0,0],"ix":1},"s":{"a":0,"k":[100,100],"ix":3},"r":{"a":0,"k":0,"ix":6},"o":{"a":0,"k":100,"ix":7},"sk":{"a":0,"k":0,"ix":4},"sa":{"a":0,"k":0,"ix":5},"nm":"トランスフォーム"}],"nm":"pants","np":2,"cix":2,"bm":0,"ix":1,"mn":"ADBE Vector Group","hd":false}],"ip":0,"op":50.0000020365418,"st":0,"bm":0},{"ddd":0,"ind":24,"ty":4,"nm":"foot left","sr":1,"ks":{"o":{"a":0,"k":100,"ix":11},"r":{"a":1,"k":[{"i":{"x":[0.667],"y":[1]},"o":{"x":[0.333],"y":[0]},"t":0,"s":[0]},{"i":{"x":[0.667],"y":[1]},"o":{"x":[0.333],"y":[0]},"t":12,"s":[-2]},{"t":33.0000013441176,"s":[0]}],"ix":10},"p":{"a":0,"k":[506.816,465.352,0],"ix":2},"a":{"a":0,"k":[3,54,0],"ix":1},"s":{"a":0,"k":[100,100,100],"ix":6}},"ao":0,"shapes":[{"ty":"gr","it":[{"ind":0,"ty":"sh","ix":1,"ks":{"a":0,"k":{"i":[[0,0],[-5,-15],[0,0],[0,0],[16,22],[-14,14]],"o":[[0,0],[5,15],[0,0],[0,0],[0,0],[0,0]],"v":[[-23.302,-61.5],[-20.302,-9.5],[-10.302,61.5],[17.698,61.5],[14.698,-9.5],[23.698,-52.5]],"c":true},"ix":2},"nm":"パス 1","mn":"ADBE Vector Shape - Group","hd":false},{"ty":"fl","c":{"a":0,"k":[1,0.721568644047,0.721568644047,1],"ix":4},"o":{"a":0,"k":100,"ix":5},"r":1,"bm":0,"nm":"塗り 1","mn":"ADBE Vector Graphic - Fill","hd":false},{"ty":"tr","p":{"a":0,"k":[0,0],"ix":2},"a":{"a":0,"k":[0,0],"ix":1},"s":{"a":0,"k":[100,100],"ix":3},"r":{"a":0,"k":0,"ix":6},"o":{"a":0,"k":100,"ix":7},"sk":{"a":0,"k":0,"ix":4},"sa":{"a":0,"k":0,"ix":5},"nm":"トランスフォーム"}],"nm":"foot left","np":2,"cix":2,"bm":0,"ix":1,"mn":"ADBE Vector Group","hd":false}],"ip":0,"op":50.0000020365418,"st":0,"bm":0},{"ddd":0,"ind":25,"ty":4,"nm":"foot right","parent":23,"sr":1,"ks":{"o":{"a":0,"k":100,"ix":11},"r":{"a":1,"k":[{"i":{"x":[0.667],"y":[1]},"o":{"x":[0.333],"y":[0]},"t":0,"s":[-0.143]},{"i":{"x":[0.667],"y":[1]},"o":{"x":[0.333],"y":[0]},"t":12,"s":[15.857]},{"t":33.0000013441176,"s":[-0.143]}],"ix":10},"p":{"a":0,"k":[-55.91,15.732,0],"ix":2},"a":{"a":0,"k":[-3,-38,0],"ix":1},"s":{"a":0,"k":[100,100,100],"ix":6}},"ao":0,"shapes":[{"ty":"gr","it":[{"ind":0,"ty":"sh","ix":1,"ks":{"a":0,"k":{"i":[[0,0],[-2,-19],[0,0],[0,0],[10,15],[0,0]],"o":[[0,0],[2,19],[0,0],[0,0],[0,0],[0,0]],"v":[[-13.452,-55.5],[-41.452,-15.5],[-26.452,55.5],[0.548,51.5],[-6.452,-3.5],[41.548,-30.5]],"c":true},"ix":2},"nm":"パス 1","mn":"ADBE Vector Shape - Group","hd":false},{"ty":"fl","c":{"a":0,"k":[1,0.721568644047,0.721568644047,1],"ix":4},"o":{"a":0,"k":100,"ix":5},"r":1,"bm":0,"nm":"塗り 1","mn":"ADBE Vector Graphic - Fill","hd":false},{"ty":"tr","p":{"a":0,"k":[0,0],"ix":2},"a":{"a":0,"k":[0,0],"ix":1},"s":{"a":0,"k":[100,100],"ix":3},"r":{"a":0,"k":0,"ix":6},"o":{"a":0,"k":100,"ix":7},"sk":{"a":0,"k":0,"ix":4},"sa":{"a":0,"k":0,"ix":5},"nm":"トランスフォーム"}],"nm":"foot right","np":2,"cix":2,"bm":0,"ix":1,"mn":"ADBE Vector Group","hd":false}],"ip":0,"op":50.0000020365418,"st":0,"bm":0},{"ddd":0,"ind":26,"ty":4,"nm":"arm right","parent":16,"sr":1,"ks":{"o":{"a":0,"k":100,"ix":11},"r":{"a":1,"k":[{"i":{"x":[0.667],"y":[1]},"o":{"x":[0.333],"y":[0]},"t":0,"s":[-1]},{"i":{"x":[0.667],"y":[1]},"o":{"x":[0.333],"y":[0]},"t":20,"s":[14]},{"t":35.0000014255792,"s":[-1]}],"ix":10},"p":{"a":0,"k":[-19.145,-27.707,0],"ix":2},"a":{"a":0,"k":[58,-34,0],"ix":1},"s":{"a":0,"k":[100,100,100],"ix":6}},"ao":0,"shapes":[{"ty":"gr","it":[{"ind":0,"ty":"sh","ix":1,"ks":{"a":0,"k":{"i":[[25.936,29.955],[19.187,-28.016],[0,0],[0,0],[0,0],[0,0],[0,0]],"o":[[0,0],[-19.224,28.071],[0,0],[0,0],[0,0],[0,0],[0,0]],"v":[[73.341,-41.513],[34.406,-40.484],[-2.692,10.631],[-50.438,26.199],[-78.06,28.65],[-70.451,53.208],[9.862,41.557]],"c":true},"ix":2},"nm":"パス 1","mn":"ADBE Vector Shape - Group","hd":false},{"ty":"fl","c":{"a":0,"k":[0,0,0,1],"ix":4},"o":{"a":0,"k":100,"ix":5},"r":1,"bm":0,"nm":"塗り 1","mn":"ADBE Vector Graphic - Fill","hd":false},{"ty":"tr","p":{"a":0,"k":[0,0],"ix":2},"a":{"a":0,"k":[0,0],"ix":1},"s":{"a":0,"k":[100,100],"ix":3},"r":{"a":0,"k":0,"ix":6},"o":{"a":0,"k":100,"ix":7},"sk":{"a":0,"k":0,"ix":4},"sa":{"a":0,"k":0,"ix":5},"nm":"トランスフォーム"}],"nm":"arm right","np":2,"cix":2,"bm":0,"ix":1,"mn":"ADBE Vector Group","hd":false}],"ip":0,"op":50.0000020365418,"st":0,"bm":0},{"ddd":0,"ind":27,"ty":4,"nm":"hand right","parent":26,"sr":1,"ks":{"o":{"a":0,"k":100,"ix":11},"r":{"a":0,"k":0,"ix":10},"p":{"a":0,"k":[-87.703,40.824,0],"ix":2},"a":{"a":0,"k":[0,0,0],"ix":1},"s":{"a":0,"k":[100,100,100],"ix":6}},"ao":0,"shapes":[{"ty":"gr","it":[{"ind":0,"ty":"sh","ix":1,"ks":{"a":0,"k":{"i":[[0,0],[-5.915,-19.749],[0,0]],"o":[[0,0],[5.915,19.749],[0,0]],"v":[[13.741,-8.212],[-18.878,-0.467],[19.495,9.306]],"c":true},"ix":2},"nm":"パス 1","mn":"ADBE Vector Shape - Group","hd":false},{"ty":"fl","c":{"a":0,"k":[1,0.721568644047,0.721568644047,1],"ix":4},"o":{"a":0,"k":100,"ix":5},"r":1,"bm":0,"nm":"塗り 1","mn":"ADBE Vector Graphic - Fill","hd":false},{"ty":"tr","p":{"a":0,"k":[0,0],"ix":2},"a":{"a":0,"k":[0,0],"ix":1},"s":{"a":0,"k":[100,100],"ix":3},"r":{"a":0,"k":0,"ix":6},"o":{"a":0,"k":100,"ix":7},"sk":{"a":0,"k":0,"ix":4},"sa":{"a":0,"k":0,"ix":5},"nm":"トランスフォーム"}],"nm":"hand right","np":2,"cix":2,"bm":0,"ix":1,"mn":"ADBE Vector Group","hd":false}],"ip":0,"op":50.0000020365418,"st":0,"bm":0},{"ddd":0,"ind":28,"ty":4,"nm":"horizon","sr":1,"ks":{"o":{"a":0,"k":100,"ix":11},"r":{"a":0,"k":0,"ix":10},"p":{"a":0,"k":[496.013,550.852,0],"ix":2},"a":{"a":0,"k":[0,0,0],"ix":1},"s":{"a":0,"k":[100,100,100],"ix":6}},"ao":0,"shapes":[{"ty":"gr","it":[{"ind":0,"ty":"sh","ix":1,"ks":{"a":0,"k":{"i":[[0,0],[0,0],[0,0],[0,0]],"o":[[0,0],[0,0],[0,0],[0,0]],"v":[[-424.5,-1],[424.5,-1],[424.5,1],[-424.5,1]],"c":true},"ix":2},"nm":"パス 1","mn":"ADBE Vector Shape - Group","hd":false},{"ty":"fl","c":{"a":0,"k":[1,1,1,1],"ix":4},"o":{"a":0,"k":100,"ix":5},"r":1,"bm":0,"nm":"塗り 1","mn":"ADBE Vector Graphic - Fill","hd":false},{"ty":"tr","p":{"a":0,"k":[0,0],"ix":2},"a":{"a":0,"k":[0,0],"ix":1},"s":{"a":0,"k":[100,100],"ix":3},"r":{"a":0,"k":0,"ix":6},"o":{"a":0,"k":100,"ix":7},"sk":{"a":0,"k":0,"ix":4},"sa":{"a":0,"k":0,"ix":5},"nm":"トランスフォーム"}],"nm":"horizon","np":2,"cix":2,"bm":0,"ix":1,"mn":"ADBE Vector Group","hd":false}],"ip":0,"op":50.0000020365418,"st":0,"bm":0}],"markers":[]}