{"v":"5.5.7","fr":25,"ip":0,"op":50,"w":1000,"h":1000,"nm":"leg only","ddd":0,"assets":[],"layers":[{"ddd":0,"ind":1,"ty":4,"nm":"Layer 6 Outlines","parent":3,"sr":1,"ks":{"o":{"a":0,"k":100,"ix":11},"r":{"a":0,"k":0,"ix":10},"p":{"a":0,"k":[166.435,160.731,0],"ix":2},"a":{"a":0,"k":[166.159,161.262,0],"ix":1},"s":{"a":0,"k":[100,100,100],"ix":6}},"ao":0,"shapes":[{"ty":"gr","it":[{"ind":0,"ty":"sh","ix":1,"ks":{"a":0,"k":{"i":[[0,0],[-0.005,-1.158],[0,0],[-0.83,-0.802],[0,0],[-1.101,0.353],[0,0],[0.642,0.965],[0,0],[1.114,0.312]],"o":[[-1.117,-0.31],[0,0],[0.005,1.161],[0,0],[1.021,0.549],[0,0],[1.102,-0.353],[0,0],[-0.64,-0.967],[0,0]],"v":[[-128.897,83.248],[-130.92,84.792],[-130.857,105.535],[-129.334,109.105],[-58.933,160.305],[-55.077,160.658],[-35.26,154.291],[-34.419,151.892],[-67.636,101.623],[-70.824,99.303]],"c":true},"ix":2},"nm":"Path 1","mn":"ADBE Vector Shape - Group","hd":false},{"ind":1,"ty":"sh","ix":2,"ks":{"a":0,"k":{"i":[[0,0],[-1.105,-0.353],[0,0],[-1.02,0.549],[0,0],[-0.005,1.161],[0,0],[1.112,-0.31],[0,0],[0.637,-0.967]],"o":[[-0.637,0.965],[0,0],[1.106,0.353],[0,0],[0.835,-0.802],[0,0],[0.006,-1.158],[0,0],[-1.117,0.312],[0,0]],"v":[[34.42,151.892],[35.263,154.291],[55.075,160.658],[58.931,160.305],[129.334,109.105],[130.855,105.535],[130.918,84.792],[128.903,83.248],[70.827,99.303],[67.639,101.623]],"c":true},"ix":2},"nm":"Path 2","mn":"ADBE Vector Shape - Group","hd":false},{"ind":2,"ty":"sh","ix":3,"ks":{"a":0,"k":{"i":[[0,0],[1.097,0.358],[0,0],[0.055,-1.155],[0,0],[-0.726,-0.902],[0,0],[-0.68,0.939],[0,0],[0.208,1.145]],"o":[[-0.516,-1.041],[0,0],[-1.099,-0.361],[0,0],[-0.048,1.16],[0,0],[0.723,0.906],[0,0],[0.68,-0.939],[0,0]],"v":[[138.837,-85.711],[135.904,-88.255],[116.176,-94.737],[114.082,-93.292],[111.411,-33.097],[112.632,-29.347],[150.172,17.779],[152.718,17.718],[164.851,0.904],[165.701,-2.877]],"c":true},"ix":2},"nm":"Path 3","mn":"ADBE Vector Shape - Group","hd":false},{"ind":3,"ty":"sh","ix":4,"ks":{"a":0,"k":{"i":[[0,0],[-0.355,1.102],[0,0],[0.937,0.678],[0,0],[0.935,-0.68],[0,0],[-0.356,-1.102],[0,0],[-1.16,0]],"o":[[1.158,0],[0,0],[0.355,-1.102],[0,0],[-0.929,-0.68],[0,0],[-0.934,0.678],[0,0],[0.361,1.102],[0,0]],"v":[[35.199,55.757],[37.959,53.753],[59.716,-13.201],[58.662,-16.44],[1.699,-57.825],[-1.701,-57.825],[-58.659,-16.44],[-59.712,-13.201],[-37.956,53.753],[-35.199,55.757]],"c":true},"ix":2},"nm":"Path 4","mn":"ADBE Vector Shape - Group","hd":false},{"ind":4,"ty":"sh","ix":5,"ks":{"a":0,"k":{"i":[[0,0],[0.682,0.934],[0,0],[1.135,0.239],[15.816,0],[0,0],[0.688,-0.934],[0,0],[-1.087,-0.408],[0,0],[-1.087,0.407]],"o":[[1.084,-0.408],[0,0],[-0.683,-0.934],[0,0],[-15.808,0],[-1.129,0.239],[0,0],[-0.681,0.934],[0,0],[1.081,0.407],[0,0]],"v":[[58.393,-133.75],[59.122,-136.188],[46.837,-152.979],[43.536,-155.117],[0,-161.011],[-43.534,-155.117],[-46.836,-152.979],[-59.118,-136.188],[-58.387,-133.75],[-1.967,-112.609],[1.976,-112.609]],"c":true},"ix":2},"nm":"Path 5","mn":"ADBE Vector Shape - Group","hd":false},{"ind":5,"ty":"sh","ix":6,"ks":{"a":0,"k":{"i":[[0,0],[1.101,-0.361],[0,0],[0.512,-1.041],[0,0],[-0.675,-0.937],[0,0],[-0.723,0.906],[0,0],[0.051,1.16]],"o":[[-0.048,-1.155],[0,0],[-1.099,0.358],[0,0],[-0.209,1.14],[0,0],[0.68,0.939],[0,0],[0.723,-0.902],[0,0]],"v":[[-114.081,-93.292],[-116.175,-94.737],[-135.904,-88.255],[-138.833,-85.711],[-165.7,-2.877],[-164.85,0.901],[-152.715,17.718],[-150.169,17.779],[-112.626,-29.347],[-111.408,-33.097]],"c":true},"ix":2},"nm":"Path 6","mn":"ADBE Vector Shape - Group","hd":false},{"ty":"mm","mm":1,"nm":"Merge Paths 1","mn":"ADBE Vector Filter - Merge","hd":false},{"ty":"fl","c":{"a":0,"k":[0.086914099899,0.106511875227,0.082861791873,1],"ix":4},"o":{"a":0,"k":100,"ix":5},"r":1,"bm":0,"nm":"Fill 1","mn":"ADBE Vector Graphic - Fill","hd":false},{"ty":"tr","p":{"a":0,"k":[166.159,161.262],"ix":2},"a":{"a":0,"k":[0,0],"ix":1},"s":{"a":0,"k":[100,100],"ix":3},"r":{"a":0,"k":0,"ix":6},"o":{"a":0,"k":100,"ix":7},"sk":{"a":0,"k":0,"ix":4},"sa":{"a":0,"k":0,"ix":5},"nm":"Transform"}],"nm":"Group 1","np":8,"cix":2,"bm":0,"ix":1,"mn":"ADBE Vector Group","hd":false}],"ip":0,"op":82,"st":7,"bm":0},{"ddd":0,"ind":2,"ty":4,"nm":"Layer 8 Outlines","parent":3,"sr":1,"ks":{"o":{"a":0,"k":100,"ix":11},"r":{"a":0,"k":0,"ix":10},"p":{"a":0,"k":[166.543,170.477,0],"ix":2},"a":{"a":0,"k":[151.545,144.153,0],"ix":1},"s":{"a":0,"k":[100,100,100],"ix":6}},"ao":0,"shapes":[{"ty":"gr","it":[{"ind":0,"ty":"sh","ix":1,"ks":{"a":0,"k":{"i":[[0,0],[0.638,-0.968],[0,0],[1.152,0],[0,0],[0.642,0.964],[0,0],[-0.675,0.942],[0,0],[-1.16,0],[0,0],[-0.673,-0.942]],"o":[[0.67,0.942],[0,0],[-0.637,0.964],[0,0],[-1.16,0],[0,0],[-0.64,-0.968],[0,0],[0.676,-0.942],[0,0],[1.158,0],[0,0]],"v":[[67.575,-6.55],[67.638,-3.079],[34.419,47.19],[31.155,48.946],[-31.147,48.946],[-34.42,47.19],[-67.636,-3.079],[-67.573,-6.55],[-38.533,-47.232],[-35.199,-48.946],[35.199,-48.946],[38.53,-47.232]],"c":true},"ix":2},"nm":"Path 1","mn":"ADBE Vector Shape - Group","hd":false},{"ty":"fl","c":{"a":0,"k":[0.999999820485,0.999999760646,0.999999820485,1],"ix":4},"o":{"a":0,"k":100,"ix":5},"r":1,"bm":0,"nm":"Fill 1","mn":"ADBE Vector Graphic - Fill","hd":false},{"ty":"tr","p":{"a":0,"k":[151.437,239.111],"ix":2},"a":{"a":0,"k":[0,0],"ix":1},"s":{"a":0,"k":[100,100],"ix":3},"r":{"a":0,"k":0,"ix":6},"o":{"a":0,"k":100,"ix":7},"sk":{"a":0,"k":0,"ix":4},"sa":{"a":0,"k":0,"ix":5},"nm":"Transform"}],"nm":"Group 1","np":2,"cix":2,"bm":0,"ix":1,"mn":"ADBE Vector Group","hd":false},{"ty":"gr","it":[{"ind":0,"ty":"sh","ix":1,"ks":{"a":0,"k":{"i":[[0,0],[1.115,0.312],[0,0],[0.358,1.101],[0,0],[-0.724,0.907],[0,0],[-1.105,-0.343],[0,0],[-0.355,-1.102],[0,0],[0.676,-0.942]],"o":[[-0.675,0.942],[0,0],[-1.118,-0.309],[0,0],[-0.358,-1.099],[0,0],[0.723,-0.901],[0,0],[1.107,0.342],[0,0],[0.36,1.102],[0,0]],"v":[[26.819,63.702],[23.566,64.853],[-34.505,48.798],[-37.188,46.235],[-56.438,-13.024],[-55.777,-16.673],[-18.236,-63.798],[-14.914,-64.821],[32.02,-50.276],[34.678,-47.652],[56.435,19.304],[55.858,23.021]],"c":true},"ix":2},"nm":"Path 1","mn":"ADBE Vector Shape - Group","hd":false},{"ty":"fl","c":{"a":0,"k":[0.947172456629,0.94823327158,0.9372289321,1],"ix":4},"o":{"a":0,"k":100,"ix":5},"r":1,"bm":0,"nm":"Fill 1","mn":"ADBE Vector Graphic - Fill","hd":false},{"ty":"tr","p":{"a":0,"k":[57.046,168.858],"ix":2},"a":{"a":0,"k":[0,0],"ix":1},"s":{"a":0,"k":[100,100],"ix":3},"r":{"a":0,"k":0,"ix":6},"o":{"a":0,"k":100,"ix":7},"sk":{"a":0,"k":0,"ix":4},"sa":{"a":0,"k":0,"ix":5},"nm":"Transform"}],"nm":"Group 2","np":2,"cix":2,"bm":0,"ix":2,"mn":"ADBE Vector Group","hd":false},{"ty":"gr","it":[{"ind":0,"ty":"sh","ix":1,"ks":{"a":0,"k":{"i":[[0,0],[0.937,0.678],[0,0],[0,1.158],[0,0],[-1.087,0.407],[0,0],[-0.94,-0.677],[0,0],[0.056,-1.155],[0,0],[1.104,-0.343]],"o":[[-1.107,0.343],[0,0],[-0.934,-0.68],[0,0],[0,-1.155],[0,0],[1.084,-0.408],[0,0],[0.935,0.68],[0,0],[-0.053,1.16],[0,0]],"v":[[5.305,58.994],[1.593,58.379],[-55.365,16.996],[-57.069,13.655],[-57.069,-34.946],[-55.093,-37.789],[1.324,-58.929],[5.003,-58.434],[55.408,-21.813],[57.013,-18.472],[54.347,41.723],[52.243,44.45]],"c":true},"ix":2},"nm":"Path 1","mn":"ADBE Vector Shape - Group","hd":false},{"ty":"fl","c":{"a":0,"k":[0.947172456629,0.94823327158,0.9372289321,1],"ix":4},"o":{"a":0,"k":100,"ix":5},"r":1,"bm":0,"nm":"Fill 1","mn":"ADBE Vector Graphic - Fill","hd":false},{"ty":"tr","p":{"a":0,"k":[208.505,59.587],"ix":2},"a":{"a":0,"k":[0,0],"ix":1},"s":{"a":0,"k":[100,100],"ix":3},"r":{"a":0,"k":0,"ix":6},"o":{"a":0,"k":100,"ix":7},"sk":{"a":0,"k":0,"ix":4},"sa":{"a":0,"k":0,"ix":5},"nm":"Transform"}],"nm":"Group 3","np":2,"cix":2,"bm":0,"ix":3,"mn":"ADBE Vector Group","hd":false},{"ty":"gr","it":[{"ind":0,"ty":"sh","ix":1,"ks":{"a":0,"k":{"i":[[0,0],[1.11,-0.31],[0,0],[0.675,0.942],[0,0],[-0.358,1.102],[0,0],[-1.107,0.343],[0,0],[-0.725,-0.902],[0,0],[0.358,-1.099]],"o":[[-0.36,1.102],[0,0],[-1.118,0.312],[0,0],[-0.67,-0.942],[0,0],[0.357,-1.102],[0,0],[1.107,-0.343],[0,0],[0.723,0.906],[0,0]],"v":[[37.187,46.233],[34.506,48.798],[-23.566,64.852],[-26.821,63.701],[-55.869,23.019],[-56.438,19.303],[-34.683,-47.653],[-32.023,-50.278],[14.912,-64.822],[18.235,-63.799],[55.776,-16.672],[56.438,-13.025]],"c":true},"ix":2},"nm":"Path 1","mn":"ADBE Vector Shape - Group","hd":false},{"ty":"fl","c":{"a":0,"k":[0.947172456629,0.94823327158,0.9372289321,1],"ix":4},"o":{"a":0,"k":100,"ix":5},"r":1,"bm":0,"nm":"Fill 1","mn":"ADBE Vector Graphic - Fill","hd":false},{"ty":"tr","p":{"a":0,"k":[246.044,168.859],"ix":2},"a":{"a":0,"k":[0,0],"ix":1},"s":{"a":0,"k":[100,100],"ix":3},"r":{"a":0,"k":0,"ix":6},"o":{"a":0,"k":100,"ix":7},"sk":{"a":0,"k":0,"ix":4},"sa":{"a":0,"k":0,"ix":5},"nm":"Transform"}],"nm":"Group 4","np":2,"cix":2,"bm":0,"ix":4,"mn":"ADBE Vector Group","hd":false},{"ty":"gr","it":[{"ind":0,"ty":"sh","ix":1,"ks":{"a":0,"k":{"i":[[0,0],[0.051,1.16],[0,0],[-0.937,0.681],[0,0],[-1.086,-0.408],[0,0],[0,-1.156],[0,0],[0.935,-0.68],[0,0],[1.107,0.343]],"o":[[-1.105,-0.343],[0,0],[-0.049,-1.155],[0,0],[0.937,-0.677],[0,0],[1.081,0.407],[0,0],[0,1.157],[0,0],[-0.934,0.678],[0,0]],"v":[[-52.241,44.45],[-54.343,41.723],[-57.016,-18.472],[-55.407,-21.813],[-5.001,-58.434],[-1.323,-58.929],[55.098,-37.789],[57.065,-34.945],[57.065,13.656],[55.364,16.996],[-1.594,58.38],[-5.306,58.994]],"c":true},"ix":2},"nm":"Path 1","mn":"ADBE Vector Shape - Group","hd":false},{"ty":"fl","c":{"a":0,"k":[0.999999820485,0.999999760646,0.999999820485,1],"ix":4},"o":{"a":0,"k":100,"ix":5},"r":1,"bm":0,"nm":"Fill 1","mn":"ADBE Vector Graphic - Fill","hd":false},{"ty":"tr","p":{"a":0,"k":[94.372,59.587],"ix":2},"a":{"a":0,"k":[0,0],"ix":1},"s":{"a":0,"k":[100,100],"ix":3},"r":{"a":0,"k":0,"ix":6},"o":{"a":0,"k":100,"ix":7},"sk":{"a":0,"k":0,"ix":4},"sa":{"a":0,"k":0,"ix":5},"nm":"Transform"}],"nm":"Group 5","np":2,"cix":2,"bm":0,"ix":5,"mn":"ADBE Vector Group","hd":false}],"ip":0,"op":82,"st":7,"bm":0},{"ddd":0,"ind":3,"ty":4,"nm":"Layer 5 Outlines","sr":1,"ks":{"o":{"a":0,"k":100,"ix":11},"r":{"a":1,"k":[{"i":{"x":[0.833],"y":[0.833]},"o":{"x":[0.167],"y":[0.167]},"t":0,"s":[-644]},{"i":{"x":[0.833],"y":[0.833]},"o":{"x":[0.167],"y":[0.167]},"t":25,"s":[-359]},{"t":34,"s":[-359]}],"ix":10},"p":{"a":1,"k":[{"i":{"x":0.833,"y":0.833},"o":{"x":0.167,"y":0.167},"t":0,"s":[-134.038,517.682,0],"to":[0,0,0],"ti":[0,0,0]},{"i":{"x":0.833,"y":0.833},"o":{"x":0.167,"y":0.167},"t":9,"s":[143.962,730.682,0],"to":[0,0,0],"ti":[-112.104,-6.381,0]},{"i":{"x":0.833,"y":0.833},"o":{"x":0.167,"y":0.167},"t":16,"s":[288.587,608.682,0],"to":[33.072,1.883,0],"ti":[-21.333,31.333,0]},{"i":{"x":0.833,"y":0.833},"o":{"x":0.167,"y":0.167},"t":23,"s":[404.587,696.682,0],"to":[9.717,-14.272,0],"ti":[0,0,0]},{"i":{"x":0.833,"y":0.833},"o":{"x":0.167,"y":0.167},"t":34,"s":[404.587,696.682,0],"to":[0,0,0],"ti":[0,0,0]},{"t":42,"s":[-179.413,629.682,0]}],"ix":2},"a":{"a":0,"k":[166.438,166.438,0],"ix":1},"s":{"a":1,"k":[{"i":{"x":[0.833,0.833,0.833],"y":[0.833,0.833,0.833]},"o":{"x":[0.167,0.167,0.167],"y":[0.167,0.167,0.167]},"t":25,"s":[65,65,100]},{"t":34,"s":[65,65,100]}],"ix":6}},"ao":0,"shapes":[{"ty":"gr","it":[{"ind":0,"ty":"sh","ix":1,"ks":{"a":0,"k":{"i":[[0,-91.787],[91.787,0],[0,91.779],[-91.781,0]],"o":[[0,91.779],[-91.781,0],[0,-91.787],[91.787,0]],"v":[[166.188,0.003],[-0.003,166.188],[-166.188,0.003],[-0.003,-166.188]],"c":true},"ix":2},"nm":"Path 1","mn":"ADBE Vector Shape - Group","hd":false},{"ty":"fl","c":{"a":0,"k":[0.947172456629,0.94823327158,0.9372289321,1],"ix":4},"o":{"a":0,"k":100,"ix":5},"r":1,"bm":0,"nm":"Fill 1","mn":"ADBE Vector Graphic - Fill","hd":false},{"ty":"tr","p":{"a":0,"k":[166.438,166.438],"ix":2},"a":{"a":0,"k":[0,0],"ix":1},"s":{"a":0,"k":[100,100],"ix":3},"r":{"a":0,"k":0,"ix":6},"o":{"a":0,"k":100,"ix":7},"sk":{"a":0,"k":0,"ix":4},"sa":{"a":0,"k":0,"ix":5},"nm":"Transform"}],"nm":"Group 1","np":2,"cix":2,"bm":0,"ix":1,"mn":"ADBE Vector Group","hd":false}],"ip":0,"op":82,"st":7,"bm":0},{"ddd":0,"ind":4,"ty":4,"nm":"Layer 2 Outlines","sr":1,"ks":{"o":{"a":0,"k":100,"ix":11},"r":{"a":1,"k":[{"i":{"x":[0.833],"y":[0.833]},"o":{"x":[0.167],"y":[0.167]},"t":23,"s":[0]},{"i":{"x":[0.833],"y":[0.833]},"o":{"x":[0.167],"y":[0.167]},"t":28,"s":[-12]},{"t":33,"s":[46]}],"ix":10},"p":{"a":0,"k":[601.512,344.492,0],"ix":2},"a":{"a":0,"k":[441.685,292.657,0],"ix":1},"s":{"a":0,"k":[100,100,100],"ix":6}},"ao":0,"shapes":[{"ty":"gr","it":[{"ind":0,"ty":"sh","ix":1,"ks":{"a":0,"k":{"i":[[0,0],[0,0],[0,0],[0,0]],"o":[[0,0],[0,0],[0,0],[0,0]],"v":[[46.594,-23.344],[-33.657,40.796],[-46.594,25.603],[34.427,-40.796]],"c":true},"ix":2},"nm":"Path 1","mn":"ADBE Vector Shape - Group","hd":false},{"ty":"fl","c":{"a":0,"k":[0.897001737707,0.106730307785,0.457126811906,1],"ix":4},"o":{"a":0,"k":100,"ix":5},"r":1,"bm":0,"nm":"Fill 1","mn":"ADBE Vector Graphic - Fill","hd":false},{"ty":"tr","p":{"a":0,"k":[493.119,358.687],"ix":2},"a":{"a":0,"k":[0,0],"ix":1},"s":{"a":0,"k":[100,100],"ix":3},"r":{"a":0,"k":0,"ix":6},"o":{"a":0,"k":100,"ix":7},"sk":{"a":0,"k":0,"ix":4},"sa":{"a":0,"k":0,"ix":5},"nm":"Transform"}],"nm":"Group 1","np":2,"cix":2,"bm":0,"ix":1,"mn":"ADBE Vector Group","hd":false},{"ty":"gr","it":[{"ind":0,"ty":"sh","ix":1,"ks":{"a":0,"k":{"i":[[1.077,0.469],[0.433,0.758],[-1.86,1.058],[-1.358,-0.901],[1.187,-1.777],[1.787,1.184],[3.397,-1.928]],"o":[[-0.741,-0.325],[-1.056,-1.855],[8.429,-4.78],[1.777,1.188],[-1.184,1.774],[-3.046,-2.024],[-1.101,0.62]],"v":[[-10.482,3.518],[-12.301,1.879],[-10.843,-3.392],[11.1,0.553],[12.169,5.919],[6.81,6.988],[-7.03,3.337]],"c":true},"ix":2},"nm":"Path 1","mn":"ADBE Vector Shape - Group","hd":false},{"ty":"fl","c":{"a":0,"k":[0.897001737707,0.106730307785,0.457126811906,1],"ix":4},"o":{"a":0,"k":100,"ix":5},"r":1,"bm":0,"nm":"Fill 1","mn":"ADBE Vector Graphic - Fill","hd":false},{"ty":"tr","p":{"a":0,"k":[590.261,555.045],"ix":2},"a":{"a":0,"k":[0,0],"ix":1},"s":{"a":0,"k":[100,100],"ix":3},"r":{"a":0,"k":0,"ix":6},"o":{"a":0,"k":100,"ix":7},"sk":{"a":0,"k":0,"ix":4},"sa":{"a":0,"k":0,"ix":5},"nm":"Transform"}],"nm":"Group 2","np":2,"cix":2,"bm":0,"ix":2,"mn":"ADBE Vector Group","hd":false},{"ty":"gr","it":[{"ind":0,"ty":"sh","ix":1,"ks":{"a":0,"k":{"i":[[1.077,0.469],[0.43,0.755],[-1.855,1.051],[-1.357,-0.904],[1.185,-1.779],[1.785,1.193],[3.396,-1.924]],"o":[[-0.748,-0.322],[-1.054,-1.86],[8.431,-4.782],[1.778,1.186],[-1.187,1.77],[-3.051,-2.026],[-1.101,0.624]],"v":[[-10.48,3.51],[-12.3,1.876],[-10.844,-3.395],[11.097,0.55],[12.169,5.915],[6.808,6.983],[-7.029,3.33]],"c":true},"ix":2},"nm":"Path 1","mn":"ADBE Vector Shape - Group","hd":false},{"ty":"fl","c":{"a":0,"k":[0.897001737707,0.106730307785,0.457126811906,1],"ix":4},"o":{"a":0,"k":100,"ix":5},"r":1,"bm":0,"nm":"Fill 1","mn":"ADBE Vector Graphic - Fill","hd":false},{"ty":"tr","p":{"a":0,"k":[583.645,570.257],"ix":2},"a":{"a":0,"k":[0,0],"ix":1},"s":{"a":0,"k":[100,100],"ix":3},"r":{"a":0,"k":0,"ix":6},"o":{"a":0,"k":100,"ix":7},"sk":{"a":0,"k":0,"ix":4},"sa":{"a":0,"k":0,"ix":5},"nm":"Transform"}],"nm":"Group 3","np":2,"cix":2,"bm":0,"ix":3,"mn":"ADBE Vector Group","hd":false},{"ty":"gr","it":[{"ind":0,"ty":"sh","ix":1,"ks":{"a":0,"k":{"i":[[1.082,0.467],[0.432,0.755],[-1.855,1.051],[-1.361,-0.906],[1.185,-1.771],[1.785,1.187],[3.393,-1.924]],"o":[[-0.743,-0.325],[-1.049,-1.857],[8.432,-4.779],[1.773,1.186],[-1.187,1.779],[-3.051,-2.027],[-1.1,0.623]],"v":[[-10.485,3.514],[-12.305,1.877],[-10.846,-3.393],[11.102,0.552],[12.169,5.912],[6.807,6.984],[-7.031,3.332]],"c":true},"ix":2},"nm":"Path 1","mn":"ADBE Vector Shape - Group","hd":false},{"ty":"fl","c":{"a":0,"k":[0.897001737707,0.106730307785,0.457126811906,1],"ix":4},"o":{"a":0,"k":100,"ix":5},"r":1,"bm":0,"nm":"Fill 1","mn":"ADBE Vector Graphic - Fill","hd":false},{"ty":"tr","p":{"a":0,"k":[575.921,584.979],"ix":2},"a":{"a":0,"k":[0,0],"ix":1},"s":{"a":0,"k":[100,100],"ix":3},"r":{"a":0,"k":0,"ix":6},"o":{"a":0,"k":100,"ix":7},"sk":{"a":0,"k":0,"ix":4},"sa":{"a":0,"k":0,"ix":5},"nm":"Transform"}],"nm":"Group 4","np":2,"cix":2,"bm":0,"ix":4,"mn":"ADBE Vector Group","hd":false},{"ty":"gr","it":[{"ind":0,"ty":"sh","ix":1,"ks":{"a":0,"k":{"i":[[0.682,0.294],[0.243,1.316],[-2.098,0.387],[-3.143,-1.796],[1.062,-1.855],[1.85,1.049],[1.743,-0.317]],"o":[[-1.143,-0.5],[-0.383,-2.102],[5.691,-1.036],[1.855,1.058],[-1.054,1.855],[-5.722,-3.266],[-0.782,0.143]],"v":[[-10.105,0.728],[-12.37,-2.123],[-9.265,-6.626],[10.253,-0.1],[11.69,5.175],[6.414,6.613],[-7.867,0.983]],"c":true},"ix":2},"nm":"Path 1","mn":"ADBE Vector Shape - Group","hd":false},{"ty":"fl","c":{"a":0,"k":[0.897001737707,0.106730307785,0.457126811906,1],"ix":4},"o":{"a":0,"k":100,"ix":5},"r":1,"bm":0,"nm":"Fill 1","mn":"ADBE Vector Graphic - Fill","hd":false},{"ty":"tr","p":{"a":0,"k":[569.437,601.816],"ix":2},"a":{"a":0,"k":[0,0],"ix":1},"s":{"a":0,"k":[100,100],"ix":3},"r":{"a":0,"k":0,"ix":6},"o":{"a":0,"k":100,"ix":7},"sk":{"a":0,"k":0,"ix":4},"sa":{"a":0,"k":0,"ix":5},"nm":"Transform"}],"nm":"Group 5","np":2,"cix":2,"bm":0,"ix":5,"mn":"ADBE Vector Group","hd":false},{"ty":"gr","it":[{"ind":0,"ty":"sh","ix":1,"ks":{"a":0,"k":{"i":[[3.789,3.575],[0.332,0.249],[-0.348,0.349],[17.155,-3.078],[0,0],[10.92,-22.656],[-9.473,9.054],[-4.909,4.371],[-3.051,3.234],[2.696,3.52],[-2.196,1.953],[-2.81,2.979],[2.045,3.379],[-12.307,11.086],[-0.252,-0.242],[-3.116,3.299],[3.595,3.575],[-2.736,2.501],[-0.569,-0.544],[-3.117,3.303]],"o":[[-0.309,-0.285],[0.474,-0.458],[12.13,-12.121],[-9.221,6.611],[0,0],[-10.913,22.66],[2.421,-2.315],[3.782,3.37],[2.764,-2.927],[2.058,-1.832],[3.697,2.635],[2.514,-2.672],[12.962,-11.566],[0.232,0.257],[3.787,3.572],[3.054,-3.241],[3.268,-2.966],[0.419,0.622],[3.79,3.572],[3.117,-3.303]],"v":[[65.458,-26.285],[64.486,-27.049],[65.734,-28.268],[29.084,-78.484],[-28.027,-33.238],[-66.952,41.669],[-46.255,72.508],[-38.171,65.385],[-25.915,65.688],[-25.978,54.537],[-19.593,48.848],[-8.262,48.422],[-7.699,38.24],[31.523,3.102],[32.21,3.866],[44.702,4.356],[43.677,-7.868],[52.713,-16.093],[54.18,-14.332],[66.673,-13.842]],"c":true},"ix":2},"nm":"Path 1","mn":"ADBE Vector Shape - Group","hd":false},{"ty":"fl","c":{"a":0,"k":[0.051522146487,0.059990867914,0.049625826817,1],"ix":4},"o":{"a":0,"k":100,"ix":5},"r":1,"bm":0,"nm":"Fill 1","mn":"ADBE Vector Graphic - Fill","hd":false},{"ty":"tr","p":{"a":0,"k":[621.094,575.008],"ix":2},"a":{"a":0,"k":[0,0],"ix":1},"s":{"a":0,"k":[100,100],"ix":3},"r":{"a":0,"k":0,"ix":6},"o":{"a":0,"k":100,"ix":7},"sk":{"a":0,"k":0,"ix":4},"sa":{"a":0,"k":0,"ix":5},"nm":"Transform"}],"nm":"Group 6","np":2,"cix":2,"bm":0,"ix":6,"mn":"ADBE Vector Group","hd":false},{"ty":"gr","it":[{"ind":0,"ty":"sh","ix":1,"ks":{"a":0,"k":{"i":[[0,0],[0,0],[0,0],[0,0]],"o":[[0,0],[0,0],[0,0],[0,0]],"v":[[66.989,-2.411],[20.768,-64.277],[-66.989,3.686],[-13.744,64.277]],"c":true},"ix":2},"nm":"Path 1","mn":"ADBE Vector Shape - Group","hd":false},{"ty":"fl","c":{"a":0,"k":[0.992287789139,0.754070506376,0.508722641889,1],"ix":4},"o":{"a":0,"k":100,"ix":5},"r":1,"bm":0,"nm":"Fill 1","mn":"ADBE Vector Graphic - Fill","hd":false},{"ty":"tr","p":{"a":0,"k":[460.875,320.725],"ix":2},"a":{"a":0,"k":[0,0],"ix":1},"s":{"a":0,"k":[100,100],"ix":3},"r":{"a":0,"k":0,"ix":6},"o":{"a":0,"k":100,"ix":7},"sk":{"a":0,"k":0,"ix":4},"sa":{"a":0,"k":0,"ix":5},"nm":"Transform"}],"nm":"Group 7","np":2,"cix":2,"bm":0,"ix":7,"mn":"ADBE Vector Group","hd":false},{"ty":"gr","it":[{"ind":0,"ty":"sh","ix":1,"ks":{"a":0,"k":{"i":[[0,0],[0,0],[0,0],[0,0]],"o":[[0,0],[0,0],[0,0],[0,0]],"v":[[94.877,59.73],[-14.625,-103.667],[-94.876,-39.527],[40.815,103.667]],"c":true},"ix":2},"nm":"Path 1","mn":"ADBE Vector Shape - Group","hd":false},{"ty":"fl","c":{"a":0,"k":[0.947172456629,0.94823327158,0.9372289321,1],"ix":4},"o":{"a":0,"k":100,"ix":5},"r":1,"bm":0,"nm":"Fill 1","mn":"ADBE Vector Graphic - Fill","hd":false},{"ty":"tr","p":{"a":0,"k":[554.339,439.01],"ix":2},"a":{"a":0,"k":[0,0],"ix":1},"s":{"a":0,"k":[100,100],"ix":3},"r":{"a":0,"k":0,"ix":6},"o":{"a":0,"k":100,"ix":7},"sk":{"a":0,"k":0,"ix":4},"sa":{"a":0,"k":0,"ix":5},"nm":"Transform"}],"nm":"Group 8","np":2,"cix":2,"bm":0,"ix":8,"mn":"ADBE Vector Group","hd":false}],"ip":-2,"op":77,"st":-2,"bm":0},{"ddd":0,"ind":5,"ty":4,"nm":"Layer 1 Outlines","sr":1,"ks":{"o":{"a":0,"k":100,"ix":11},"r":{"a":0,"k":0,"ix":10},"p":{"a":0,"k":[500,500,0],"ix":2},"a":{"a":0,"k":[500,500,0],"ix":1},"s":{"a":0,"k":[141,141,100],"ix":6}},"ao":0,"shapes":[{"ty":"gr","it":[{"ind":0,"ty":"sh","ix":1,"ks":{"a":0,"k":{"i":[[0,-120.322],[120.322,0],[0,120.32],[-120.321,0]],"o":[[0,120.32],[-120.321,0],[0,-120.322],[120.322,0]],"v":[[217.861,0],[-0.001,217.861],[-217.861,0],[-0.001,-217.862]],"c":true},"ix":2},"nm":"Path 1","mn":"ADBE Vector Shape - Group","hd":false},{"ty":"fl","c":{"a":0,"k":[0.496287596459,0.811463599112,0.886953017291,1],"ix":4},"o":{"a":0,"k":100,"ix":5},"r":1,"bm":0,"nm":"Fill 1","mn":"ADBE Vector Graphic - Fill","hd":false},{"ty":"tr","p":{"a":0,"k":[499.712,525.632],"ix":2},"a":{"a":0,"k":[0,0],"ix":1},"s":{"a":0,"k":[100,100],"ix":3},"r":{"a":0,"k":0,"ix":6},"o":{"a":0,"k":100,"ix":7},"sk":{"a":0,"k":0,"ix":4},"sa":{"a":0,"k":0,"ix":5},"nm":"Transform"}],"nm":"Group 1","np":2,"cix":2,"bm":0,"ix":1,"mn":"ADBE Vector Group","hd":false}],"ip":0,"op":79,"st":0,"bm":0}],"markers":[]}